Month,Precinct,CrimeName,CrimeCount
Jan,14,ASSAULT 3 AND RELATED OFFENSES,11
Jan,14,DANGEROUS WEAPONS,2
Jan,14,FELONY ASSAULT,1
Jan,14,HARRASSMENT 2,4
Jan,14,OFF. AGNST PUB ORD SENSBLTY AND,2
Jan,14,OFFENSES AGAINST THE PERSON,2
Jan,14,ROBBERY,1
Jan,14,SEX CRIMES,1
Jan,18,ASSAULT 3 AND RELATED OFFENSES,13
Jan,18,FELONY ASSAULT,1
Jan,18,HARRASSMENT 2,5
Jan,18,MISCELLANEOUS PENAL LAW,1
Jan,18,OFF. AGNST PUB ORD SENSBLTY AND,1
Jan,18,ROBBERY,1
Jan,18,SEX CRIMES,1
Jan,19,HARRASSMENT 2,1
Jan,20,ASSAULT 3 AND RELATED OFFENSES,4
Jan,20,HARRASSMENT 2,3
Jan,20,ROBBERY,2
Jan,24,HARRASSMENT 2,1
Jan,1,ASSAULT 3 AND RELATED OFFENSES,10
Jan,1,FELONY ASSAULT,4
Jan,1,HARRASSMENT 2,6
Jan,5,ASSAULT 3 AND RELATED OFFENSES,4
Jan,6,ASSAULT 3 AND RELATED OFFENSES,3
Jan,6,HARRASSMENT 2,3
Jan,6,ROBBERY,1
Jan,10,FELONY ASSAULT,2
Jan,10,HARRASSMENT 2,3
Jan,10,SEX CRIMES,1
Jan,13,ASSAULT 3 AND RELATED OFFENSES,1
Jan,13,FELONY ASSAULT,1
Jan,13,HARRASSMENT 2,1
Jan,13,ROBBERY,1
Jan,13,SEX CRIMES,1
Jan,14,ASSAULT 3 AND RELATED OFFENSES,4
Jan,14,HARRASSMENT 2,2
Jan,24,FELONY ASSAULT,1
Jan,24,HARRASSMENT 2,7
Jan,24,ROBBERY,1
Jan,24,SEX CRIMES,2
Jan,26,ASSAULT 3 AND RELATED OFFENSES,2
Jan,26,HARRASSMENT 2,3
Jan,26,ROBBERY,3
Jan,28,ASSAULT 3 AND RELATED OFFENSES,1
Jan,28,HARRASSMENT 2,2
Jan,30,ASSAULT 3 AND RELATED OFFENSES,2
Jan,30,HARRASSMENT 2,1
Jan,30,OFF. AGNST PUB ORD SENSBLTY AND,2
Jan,32,ASSAULT 3 AND RELATED OFFENSES,1
Jan,33,ASSAULT 3 AND RELATED OFFENSES,2
Jan,33,OFF. AGNST PUB ORD SENSBLTY AND,1
Jan,33,ROBBERY,1
Jan,33,SEX CRIMES,1
Jan,34,FELONY ASSAULT,2
Jan,34,OFF. AGNST PUB ORD SENSBLTY AND,1
Jan,34,ROBBERY,1
Jan,50,HARRASSMENT 2,1
Jan,50,OFF. AGNST PUB ORD SENSBLTY AND,1
Jan,5,ASSAULT 3 AND RELATED OFFENSES,2
Jan,5,HARRASSMENT 2,1
Jan,7,ASSAULT 3 AND RELATED OFFENSES,4
Jan,7,HARRASSMENT 2,3
Jan,7,ROBBERY,1
Jan,9,HARRASSMENT 2,1
Jan,9,ROBBERY,1
Jan,13,ASSAULT 3 AND RELATED OFFENSES,5
Jan,13,HARRASSMENT 2,5
Jan,13,ROBBERY,2
Jan,13,SEX CRIMES,4
Jan,14,ASSAULT 3 AND RELATED OFFENSES,3
Jan,14,HARRASSMENT 2,3
Jan,17,ASSAULT 3 AND RELATED OFFENSES,6
Jan,17,HARRASSMENT 2,2
Jan,17,SEX CRIMES,1
Jan,19,ASSAULT 3 AND RELATED OFFENSES,1
Jan,19,FELONY ASSAULT,1
Jan,19,HARRASSMENT 2,3
Jan,19,MISCELLANEOUS PENAL LAW,1
Jan,19,SEX CRIMES,1
Jan,23,HARRASSMENT 2,2
Jan,23,OFF. AGNST PUB ORD SENSBLTY AND,1
Jan,25,ASSAULT 3 AND RELATED OFFENSES,8
Jan,25,FELONY ASSAULT,1
Jan,25,OFF. AGNST PUB ORD SENSBLTY AND,2
Jan,25,SEX CRIMES,2
Jan,40,ASSAULT 3 AND RELATED OFFENSES,1
Jan,40,FELONY ASSAULT,1
Jan,40,HARRASSMENT 2,2
Jan,44,ASSAULT 3 AND RELATED OFFENSES,4
Jan,44,HARRASSMENT 2,5
Jan,44,ROBBERY,3
Jan,46,ASSAULT 3 AND RELATED OFFENSES,1
Jan,46,FELONY ASSAULT,2
Jan,46,ROBBERY,2
Jan,52,ASSAULT 3 AND RELATED OFFENSES,1
Jan,52,FELONY ASSAULT,1
Jan,52,ROBBERY,3
Jan,52,SEX CRIMES,1
Jan,40,ASSAULT 3 AND RELATED OFFENSES,1
Jan,40,BURGLARY,1
Jan,40,HARRASSMENT 2,2
Jan,41,ROBBERY,4
Jan,43,ASSAULT 3 AND RELATED OFFENSES,1
Jan,43,OFF. AGNST PUB ORD SENSBLTY AND,1
Jan,43,ROBBERY,1
Jan,45,ASSAULT 3 AND RELATED OFFENSES,1
Jan,45,ROBBERY,1
Jan,47,ASSAULT 3 AND RELATED OFFENSES,4
Jan,47,DANGEROUS WEAPONS,1
Jan,47,ROBBERY,2
Jan,49,RAPE,1
Jan,102,BURGLARY,1
Jan,102,ROBBERY,1
Jan,102,SEX CRIMES,1
Jan,103,ASSAULT 3 AND RELATED OFFENSES,2
Jan,103,HARRASSMENT 2,1
Jan,108,ASSAULT 3 AND RELATED OFFENSES,8
Jan,108,FELONY ASSAULT,1
Jan,108,HARRASSMENT 2,3
Jan,108,OFF. AGNST PUB ORD SENSBLTY AND,2
Jan,108,SEX CRIMES,3
Jan,109,ASSAULT 3 AND RELATED OFFENSES,3
Jan,109,ROBBERY,1
Jan,110,ASSAULT 3 AND RELATED OFFENSES,5
Jan,110,HARRASSMENT 2,1
Jan,112,ASSAULT 3 AND RELATED OFFENSES,2
Jan,112,ROBBERY,1
Jan,114,ASSAULT 3 AND RELATED OFFENSES,3
Jan,114,HARRASSMENT 2,1
Jan,115,ASSAULT 3 AND RELATED OFFENSES,3
Jan,115,FELONY ASSAULT,1
Jan,115,HARRASSMENT 2,1
Jan,115,OFFENSES AGAINST THE PERSON,2
Jan,100,HARRASSMENT 2,1
Jan,101,ASSAULT 3 AND RELATED OFFENSES,1
Jan,101,HARRASSMENT 2,1
Jan,106,ASSAULT 3 AND RELATED OFFENSES,1
Jan,72,SEX CRIMES,1
Jan,76,ASSAULT 3 AND RELATED OFFENSES,1
Jan,76,HARRASSMENT 2,1
Jan,78,HARRASSMENT 2,1
Jan,79,FELONY ASSAULT,2
Jan,79,HARRASSMENT 2,1
Jan,79,ROBBERY,1
Jan,84,ASSAULT 3 AND RELATED OFFENSES,4
Jan,84,FELONY ASSAULT,1
Jan,84,HARRASSMENT 2,3
Jan,84,OFF. AGNST PUB ORD SENSBLTY AND,1
Jan,84,OFFENSES AGAINST THE PERSON,1
Jan,84,ROBBERY,1
Jan,88,ASSAULT 3 AND RELATED OFFENSES,1
Jan,88,FELONY ASSAULT,1
Jan,67,OFF. AGNST PUB ORD SENSBLTY AND,1
Jan,70,FELONY ASSAULT,2
Jan,71,ASSAULT 3 AND RELATED OFFENSES,2
Jan,71,HARRASSMENT 2,1
Jan,71,OFF. AGNST PUB ORD SENSBLTY AND,1
Jan,73,HARRASSMENT 2,1
Jan,75,ASSAULT 3 AND RELATED OFFENSES,2
Jan,77,ASSAULT 3 AND RELATED OFFENSES,2
Jan,77,HARRASSMENT 2,2
Jan,78,ASSAULT 3 AND RELATED OFFENSES,4
Jan,78,FELONY ASSAULT,1
Jan,78,HARRASSMENT 2,2
Jan,84,ASSAULT 3 AND RELATED OFFENSES,2
Jan,84,HARRASSMENT 2,2
Jan,88,OFF. AGNST PUB ORD SENSBLTY AND,1
Jan,73,ASSAULT 3 AND RELATED OFFENSES,5
Jan,73,FELONY ASSAULT,1
Jan,73,MISCELLANEOUS PENAL LAW,1
Jan,73,OFF. AGNST PUB ORD SENSBLTY AND,1
Jan,73,OFFENSES AGAINST THE PERSON,1
Jan,73,ROBBERY,1
Jan,73,SEX CRIMES,1
Jan,75,ASSAULT 3 AND RELATED OFFENSES,1
Jan,75,FELONY ASSAULT,2
Jan,75,ROBBERY,1
Jan,79,ASSAULT 3 AND RELATED OFFENSES,1
Jan,81,FELONY ASSAULT,1
Jan,81,HARRASSMENT 2,1
Jan,83,ASSAULT 3 AND RELATED OFFENSES,2
Jan,83,HARRASSMENT 2,2
Jan,83,ROBBERY,1
Jan,83,SEX CRIMES,1
Jan,90,ASSAULT 3 AND RELATED OFFENSES,1
Jan,90,OFF. AGNST PUB ORD SENSBLTY AND,1
Jan,90,OFFENSES AGAINST THE PERSON,3
Jan,90,ROBBERY,1
Jan,94,OFF. AGNST PUB ORD SENSBLTY AND,1
Jan,104,ASSAULT 3 AND RELATED OFFENSES,1
Jan,104,HARRASSMENT 2,1
Jan,60,ASSAULT 3 AND RELATED OFFENSES,3
Jan,61,HARRASSMENT 2,1
Jan,62,HARRASSMENT 2,2
Jan,66,ASSAULT 3 AND RELATED OFFENSES,1
Jan,68,ASSAULT 3 AND RELATED OFFENSES,1
Jan,70,ASSAULT 3 AND RELATED OFFENSES,1
Jan,70,HARRASSMENT 2,1
Jan,72,ASSAULT 3 AND RELATED OFFENSES,5
Jan,72,HARRASSMENT 2,1
Jan,72,ROBBERY,1
Feb,10,HARRASSMENT 2,1
Feb,10,ROBBERY,1
Feb,14,ASSAULT 3 AND RELATED OFFENSES,8
Feb,14,HARRASSMENT 2,6
Feb,14,MISCELLANEOUS PENAL LAW,2
Feb,14,ROBBERY,1
Feb,18,ASSAULT 3 AND RELATED OFFENSES,7
Feb,18,DANGEROUS WEAPONS,1
Feb,18,HARRASSMENT 2,2
Feb,18,MISCELLANEOUS PENAL LAW,1
Feb,18,OFF. AGNST PUB ORD SENSBLTY AND,1
Feb,18,ROBBERY,2
Feb,20,ASSAULT 3 AND RELATED OFFENSES,3
Feb,20,FELONY ASSAULT,1
Feb,20,HARRASSMENT 2,3
Feb,24,HARRASSMENT 2,1
Feb,1,ASSAULT 3 AND RELATED OFFENSES,5
Feb,1,FELONY ASSAULT,1
Feb,1,HARRASSMENT 2,7
Feb,1,OFF. AGNST PUB ORD SENSBLTY AND,1
Feb,1,ROBBERY,1
Feb,5,ASSAULT 3 AND RELATED OFFENSES,1
Feb,5,OFFENSES AGAINST THE PERSON,1
Feb,5,ROBBERY,1
Feb,6,ASSAULT 3 AND RELATED OFFENSES,6
Feb,6,FELONY ASSAULT,1
Feb,6,HARRASSMENT 2,1
Feb,6,OFF. AGNST PUB ORD SENSBLTY AND,1
Feb,6,ROBBERY,2
Feb,10,ARSON,1
Feb,10,HARRASSMENT 2,1
Feb,13,ASSAULT 3 AND RELATED OFFENSES,1
Feb,14,FELONY ASSAULT,1
Feb,14,HARRASSMENT 2,6
Feb,14,OFFENSES AGAINST THE PERSON,1
Feb,14,ROBBERY,1
Feb,24,ASSAULT 3 AND RELATED OFFENSES,1
Feb,24,HARRASSMENT 2,4
Feb,24,ROBBERY,2
Feb,24,SEX CRIMES,1
Feb,26,HARRASSMENT 2,2
Feb,26,OFF. AGNST PUB ORD SENSBLTY AND,1
Feb,28,ASSAULT 3 AND RELATED OFFENSES,2
Feb,28,HARRASSMENT 2,2
Feb,30,HARRASSMENT 2,3
Feb,30,OFF. AGNST PUB ORD SENSBLTY AND,1
Feb,30,OFFENSES AGAINST THE PERSON,1
Feb,32,FELONY ASSAULT,2
Feb,32,HARRASSMENT 2,1
Feb,33,FELONY ASSAULT,1
Feb,33,HARRASSMENT 2,1
Feb,33,OFF. AGNST PUB ORD SENSBLTY AND,1
Feb,33,OFFENSES AGAINST THE PERSON,1
Feb,34,ASSAULT 3 AND RELATED OFFENSES,1
Feb,34,OFF. AGNST PUB ORD SENSBLTY AND,1
Feb,50,OFF. AGNST PUB ORD SENSBLTY AND,1
Feb,5,HARRASSMENT 2,3
Feb,5,ROBBERY,1
Feb,7,ASSAULT 3 AND RELATED OFFENSES,2
Feb,7,FELONY ASSAULT,1
Feb,7,HARRASSMENT 2,1
Feb,9,HARRASSMENT 2,1
Feb,13,ASSAULT 3 AND RELATED OFFENSES,6
Feb,13,HARRASSMENT 2,4
Feb,13,MISCELLANEOUS PENAL LAW,1
Feb,13,OFF. AGNST PUB ORD SENSBLTY AND,3
Feb,13,OFFENSES AGAINST THE PERSON,1
Feb,13,SEX CRIMES,1
Feb,14,ASSAULT 3 AND RELATED OFFENSES,3
Feb,14,HARRASSMENT 2,3
Feb,17,ASSAULT 3 AND RELATED OFFENSES,2
Feb,17,FELONY ASSAULT,2
Feb,17,HARRASSMENT 2,3
Feb,19,ASSAULT 3 AND RELATED OFFENSES,4
Feb,19,HARRASSMENT 2,4
Feb,19,ROBBERY,2
Feb,19,SEX CRIMES,1
Feb,23,ASSAULT 3 AND RELATED OFFENSES,1
Feb,23,HARRASSMENT 2,1
Feb,25,ASSAULT 3 AND RELATED OFFENSES,1
Feb,40,ASSAULT 3 AND RELATED OFFENSES,7
Feb,40,BURGLARY,1
Feb,40,FELONY ASSAULT,1
Feb,40,HARRASSMENT 2,1
Feb,40,SEX CRIMES,1
Feb,44,ASSAULT 3 AND RELATED OFFENSES,3
Feb,44,DANGEROUS WEAPONS,1
Feb,44,FELONY ASSAULT,6
Feb,44,HARRASSMENT 2,2
Feb,44,MISCELLANEOUS PENAL LAW,1
Feb,44,MURDER AND NON-NEGL. MANSLAUGHTE,1
Feb,44,OFF. AGNST PUB ORD SENSBLTY AND,1
Feb,44,ROBBERY,3
Feb,46,DANGEROUS WEAPONS,1
Feb,46,MISCELLANEOUS PENAL LAW,1
Feb,46,MURDER AND NON-NEGL. MANSLAUGHTE,1
Feb,46,OFF. AGNST PUB ORD SENSBLTY AND,3
Feb,52,ASSAULT 3 AND RELATED OFFENSES,1
Feb,52,FELONY ASSAULT,1
Feb,52,ROBBERY,1
Feb,52,SEX CRIMES,1
Feb,40,ASSAULT 3 AND RELATED OFFENSES,3
Feb,40,FELONY ASSAULT,1
Feb,40,ROBBERY,1
Feb,41,ASSAULT 3 AND RELATED OFFENSES,5
Feb,41,HARRASSMENT 2,2
Feb,41,OFF. AGNST PUB ORD SENSBLTY AND,1
Feb,41,ROBBERY,2
Feb,41,SEX CRIMES,2
Feb,42,ASSAULT 3 AND RELATED OFFENSES,1
Feb,43,ASSAULT 3 AND RELATED OFFENSES,2
Feb,43,HARRASSMENT 2,2
Feb,43,ROBBERY,1
Feb,47,ASSAULT 3 AND RELATED OFFENSES,3
Feb,47,HARRASSMENT 2,1
Feb,47,ROBBERY,1
Feb,48,ASSAULT 3 AND RELATED OFFENSES,1
Feb,52,ASSAULT 3 AND RELATED OFFENSES,1
Feb,102,ASSAULT 3 AND RELATED OFFENSES,1
Feb,102,HARRASSMENT 2,1
Feb,102,ROBBERY,1
Feb,103,FELONY ASSAULT,1
Feb,107,ARSON,1
Feb,107,ASSAULT 3 AND RELATED OFFENSES,2
Feb,107,DISORDERLY CONDUCT,1
Feb,107,FELONY ASSAULT,1
Feb,107,HARRASSMENT 2,2
Feb,107,RAPE,1
Feb,107,ROBBERY,2
Feb,108,ASSAULT 3 AND RELATED OFFENSES,5
Feb,108,FELONY ASSAULT,3
Feb,108,HARRASSMENT 2,1
Feb,109,ASSAULT 3 AND RELATED OFFENSES,1
Feb,109,OFF. AGNST PUB ORD SENSBLTY AND,1
Feb,109,OFFENSES AGAINST THE PERSON,1
Feb,110,ASSAULT 3 AND RELATED OFFENSES,4
Feb,110,FELONY ASSAULT,1
Feb,110,HARRASSMENT 2,2
Feb,110,SEX CRIMES,2
Feb,112,ASSAULT 3 AND RELATED OFFENSES,5
Feb,112,HARRASSMENT 2,1
Feb,112,ROBBERY,1
Feb,114,ASSAULT 3 AND RELATED OFFENSES,1
Feb,114,HARRASSMENT 2,2
Feb,115,ASSAULT 3 AND RELATED OFFENSES,4
Feb,115,OFF. AGNST PUB ORD SENSBLTY AND,3
Feb,115,SEX CRIMES,1
Feb,100,ASSAULT 3 AND RELATED OFFENSES,2
Feb,100,OFF. AGNST PUB ORD SENSBLTY AND,1
Feb,101,ASSAULT 3 AND RELATED OFFENSES,1
Feb,101,HARRASSMENT 2,1
Feb,106,ROBBERY,1
Feb,78,HARRASSMENT 2,2
Feb,79,DISORDERLY CONDUCT,1
Feb,79,HARRASSMENT 2,1
Feb,79,ROBBERY,1
Feb,84,ASSAULT 3 AND RELATED OFFENSES,4
Feb,84,DANGEROUS WEAPONS,1
Feb,84,FELONY ASSAULT,2
Feb,84,HARRASSMENT 2,7
Feb,84,OFF. AGNST PUB ORD SENSBLTY AND,1
Feb,84,ROBBERY,1
Feb,88,HARRASSMENT 2,1
Feb,88,OFF. AGNST PUB ORD SENSBLTY AND,1
Feb,94,HARRASSMENT 2,1
Feb,67,BURGLARY,1
Feb,71,ASSAULT 3 AND RELATED OFFENSES,1
Feb,72,ASSAULT 3 AND RELATED OFFENSES,1
Feb,73,ASSAULT 3 AND RELATED OFFENSES,1
Feb,73,ROBBERY,2
Feb,75,ASSAULT 3 AND RELATED OFFENSES,1
Feb,77,ASSAULT 3 AND RELATED OFFENSES,1
Feb,77,FELONY ASSAULT,1
Feb,77,HARRASSMENT 2,2
Feb,77,SEX CRIMES,1
Feb,78,ASSAULT 3 AND RELATED OFFENSES,1
Feb,78,FELONY ASSAULT,1
Feb,78,HARRASSMENT 2,3
Feb,84,ASSAULT 3 AND RELATED OFFENSES,2
Feb,88,ROBBERY,1
Feb,69,OFF. AGNST PUB ORD SENSBLTY AND,1
Feb,69,OFFENSES AGAINST THE PERSON,1
Feb,73,ASSAULT 3 AND RELATED OFFENSES,1
Feb,73,DANGEROUS WEAPONS,2
Feb,73,HARRASSMENT 2,2
Feb,73,OFF. AGNST PUB ORD SENSBLTY AND,1
Feb,73,OFFENSES AGAINST THE PERSON,1
Feb,73,ROBBERY,2
Feb,75,ASSAULT 3 AND RELATED OFFENSES,2
Feb,75,DANGEROUS WEAPONS,1
Feb,75,HARRASSMENT 2,3
Feb,75,ROBBERY,1
Feb,75,SEX CRIMES,1
Feb,79,ASSAULT 3 AND RELATED OFFENSES,1
Feb,81,ASSAULT 3 AND RELATED OFFENSES,2
Feb,81,FELONY ASSAULT,1
Feb,83,ASSAULT 3 AND RELATED OFFENSES,2
Feb,83,FELONY ASSAULT,1
Feb,83,SEX CRIMES,1
Feb,90,SEX CRIMES,1
Feb,94,OFF. AGNST PUB ORD SENSBLTY AND,1
Feb,104,ASSAULT 3 AND RELATED OFFENSES,2
Feb,104,OFF. AGNST PUB ORD SENSBLTY AND,1
Feb,104,ROBBERY,1
Feb,60,ASSAULT 3 AND RELATED OFFENSES,1
Feb,60,FELONY ASSAULT,1
Feb,60,HARRASSMENT 2,3
Feb,60,OFF. AGNST PUB ORD SENSBLTY AND,1
Feb,60,SEX CRIMES,1
Feb,61,ASSAULT 3 AND RELATED OFFENSES,3
Feb,61,HARRASSMENT 2,3
Feb,62,OFF. AGNST PUB ORD SENSBLTY AND,1
Feb,66,HARRASSMENT 2,1
Feb,68,ASSAULT 3 AND RELATED OFFENSES,2
Feb,68,HARRASSMENT 2,1
Feb,68,ROBBERY,1
Feb,72,ASSAULT 3 AND RELATED OFFENSES,3
Feb,72,FELONY ASSAULT,1
Mar,10,OFF. AGNST PUB ORD SENSBLTY AND,1
Mar,14,ASSAULT 3 AND RELATED OFFENSES,8
Mar,14,HARRASSMENT 2,7
Mar,14,OFF. AGNST PUB ORD SENSBLTY AND,1
Mar,14,SEX CRIMES,1
Mar,18,ASSAULT 3 AND RELATED OFFENSES,5
Mar,18,FELONY ASSAULT,1
Mar,18,HARRASSMENT 2,8
Mar,18,OFF. AGNST PUB ORD SENSBLTY AND,3
Mar,18,ROBBERY,3
Mar,18,SEX CRIMES,1
Mar,20,ASSAULT 3 AND RELATED OFFENSES,4
Mar,24,HARRASSMENT 2,1
Mar,1,ASSAULT 3 AND RELATED OFFENSES,6
Mar,1,FELONY ASSAULT,2
Mar,1,HARRASSMENT 2,5
Mar,1,ROBBERY,2
Mar,1,SEX CRIMES,3
Mar,5,ASSAULT 3 AND RELATED OFFENSES,3
Mar,5,HARRASSMENT 2,3
Mar,5,OFF. AGNST PUB ORD SENSBLTY AND,1
Mar,5,SEX CRIMES,2
Mar,6,ARSON,1
Mar,6,ASSAULT 3 AND RELATED OFFENSES,3
Mar,6,DISORDERLY CONDUCT,1
Mar,6,HARRASSMENT 2,2
Mar,6,OFF. AGNST PUB ORD SENSBLTY AND,2
Mar,6,RAPE,1
Mar,6,ROBBERY,1
Mar,10,HARRASSMENT 2,3
Mar,13,ASSAULT 3 AND RELATED OFFENSES,1
Mar,13,HARRASSMENT 2,1
Mar,14,ASSAULT 3 AND RELATED OFFENSES,2
Mar,14,FELONY ASSAULT,2
Mar,14,HARRASSMENT 2,2
Mar,14,ROBBERY,1
Mar,24,ASSAULT 3 AND RELATED OFFENSES,3
Mar,24,HARRASSMENT 2,2
Mar,24,MISCELLANEOUS PENAL LAW,1
Mar,24,OFF. AGNST PUB ORD SENSBLTY AND,1
Mar,24,ROBBERY,1
Mar,26,ASSAULT 3 AND RELATED OFFENSES,3
Mar,26,HARRASSMENT 2,2
Mar,28,ARSON,1
Mar,28,ASSAULT 3 AND RELATED OFFENSES,3
Mar,28,HARRASSMENT 2,3
Mar,28,OFFENSES AGAINST THE PERSON,1
Mar,28,SEX CRIMES,1
Mar,30,ASSAULT 3 AND RELATED OFFENSES,3
Mar,30,FELONY ASSAULT,2
Mar,30,HARRASSMENT 2,1
Mar,32,ASSAULT 3 AND RELATED OFFENSES,1
Mar,32,FELONY ASSAULT,1
Mar,33,ASSAULT 3 AND RELATED OFFENSES,5
Mar,33,OFF. AGNST PUB ORD SENSBLTY AND,1
Mar,34,ASSAULT 3 AND RELATED OFFENSES,1
Mar,34,HARRASSMENT 2,1
Mar,34,OFF. AGNST PUB ORD SENSBLTY AND,1
Mar,34,ROBBERY,1
Mar,50,ASSAULT 3 AND RELATED OFFENSES,1
Mar,5,ASSAULT 3 AND RELATED OFFENSES,2
Mar,5,HARRASSMENT 2,1
Mar,5,ROBBERY,1
Mar,5,SEX CRIMES,4
Mar,7,ASSAULT 3 AND RELATED OFFENSES,1
Mar,7,OFF. AGNST PUB ORD SENSBLTY AND,1
Mar,7,OFFENSES AGAINST THE PERSON,1
Mar,13,ASSAULT 3 AND RELATED OFFENSES,8
Mar,13,FELONY ASSAULT,1
Mar,13,HARRASSMENT 2,4
Mar,13,OFF. AGNST PUB ORD SENSBLTY AND,1
Mar,13,SEX CRIMES,1
Mar,14,ASSAULT 3 AND RELATED OFFENSES,2
Mar,14,HARRASSMENT 2,3
Mar,17,ASSAULT 3 AND RELATED OFFENSES,6
Mar,17,FELONY ASSAULT,1
Mar,17,HARRASSMENT 2,3
Mar,17,SEX CRIMES,3
Mar,19,ASSAULT 3 AND RELATED OFFENSES,3
Mar,19,HARRASSMENT 2,5
Mar,19,SEX CRIMES,1
Mar,23,ASSAULT 3 AND RELATED OFFENSES,1
Mar,25,ASSAULT 3 AND RELATED OFFENSES,3
Mar,25,FELONY ASSAULT,4
Mar,25,HARRASSMENT 2,1
Mar,40,ASSAULT 3 AND RELATED OFFENSES,3
Mar,40,DISORDERLY CONDUCT,1
Mar,40,FELONY ASSAULT,1
Mar,40,HARRASSMENT 2,2
Mar,44,ASSAULT 3 AND RELATED OFFENSES,2
Mar,44,FELONY ASSAULT,1
Mar,44,HARRASSMENT 2,1
Mar,46,ROBBERY,1
Mar,52,HARRASSMENT 2,2
Mar,40,ASSAULT 3 AND RELATED OFFENSES,4
Mar,40,DISORDERLY CONDUCT,1
Mar,40,ROBBERY,2
Mar,41,ASSAULT 3 AND RELATED OFFENSES,4
Mar,41,HARRASSMENT 2,2
Mar,41,OFF. AGNST PUB ORD SENSBLTY AND,1
Mar,42,FELONY ASSAULT,1
Mar,42,SEX CRIMES,1
Mar,43,ASSAULT 3 AND RELATED OFFENSES,1
Mar,43,ROBBERY,3
Mar,43,SEX CRIMES,1
Mar,45,ASSAULT 3 AND RELATED OFFENSES,1
Mar,45,FELONY ASSAULT,1
Mar,45,OFF. AGNST PUB ORD SENSBLTY AND,1
Mar,47,FELONY ASSAULT,1
Mar,47,HARRASSMENT 2,2
Mar,47,ROBBERY,1
Mar,48,ROBBERY,1
Mar,49,ASSAULT 3 AND RELATED OFFENSES,4
Mar,49,FELONY ASSAULT,2
Mar,52,FELONY ASSAULT,4
Mar,103,ASSAULT 3 AND RELATED OFFENSES,1
Mar,103,DISORDERLY CONDUCT,2
Mar,103,FELONY ASSAULT,1
Mar,103,HARRASSMENT 2,1
Mar,103,SEX CRIMES,1
Mar,107,ASSAULT 3 AND RELATED OFFENSES,1
Mar,107,FELONY ASSAULT,2
Mar,107,HARRASSMENT 2,1
Mar,107,ROBBERY,1
Mar,108,ASSAULT 3 AND RELATED OFFENSES,2
Mar,108,HARRASSMENT 2,2
Mar,108,OFF. AGNST PUB ORD SENSBLTY AND,1
Mar,108,OFFENSES AGAINST THE PERSON,2
Mar,108,ROBBERY,1
Mar,108,SEX CRIMES,1
Mar,110,ASSAULT 3 AND RELATED OFFENSES,1
Mar,110,FELONY ASSAULT,2
Mar,110,HARRASSMENT 2,2
Mar,110,MISCELLANEOUS PENAL LAW,1
Mar,110,OFFENSES AGAINST THE PERSON,1
Mar,110,ROBBERY,1
Mar,112,ASSAULT 3 AND RELATED OFFENSES,3
Mar,112,HARRASSMENT 2,3
Mar,112,ROBBERY,1
Mar,112,SEX CRIMES,1
Mar,114,ASSAULT 3 AND RELATED OFFENSES,1
Mar,114,HARRASSMENT 2,1
Mar,115,ASSAULT 3 AND RELATED OFFENSES,3
Mar,115,FELONY ASSAULT,2
Mar,115,HARRASSMENT 2,3
Mar,115,SEX CRIMES,4
Mar,100,ASSAULT 3 AND RELATED OFFENSES,1
Mar,100,FELONY ASSAULT,3
Mar,100,HARRASSMENT 2,1
Mar,100,OFFENSES AGAINST THE PERSON,1
Mar,101,HARRASSMENT 2,1
Mar,101,ROBBERY,1
Mar,76,MISCELLANEOUS PENAL LAW,2
Mar,78,HARRASSMENT 2,2
Mar,78,OFF. AGNST PUB ORD SENSBLTY AND,1
Mar,84,ASSAULT 3 AND RELATED OFFENSES,2
Mar,84,DANGEROUS WEAPONS,1
Mar,84,FELONY ASSAULT,4
Mar,84,HARRASSMENT 2,7
Mar,84,OFF. AGNST PUB ORD SENSBLTY AND,2
Mar,84,OFFENSES AGAINST THE PERSON,1
Mar,88,HARRASSMENT 2,1
Mar,94,ASSAULT 3 AND RELATED OFFENSES,1
Mar,67,SEX CRIMES,1
Mar,70,HARRASSMENT 2,1
Mar,71,ASSAULT 3 AND RELATED OFFENSES,1
Mar,71,OFF. AGNST PUB ORD SENSBLTY AND,1
Mar,73,ASSAULT 3 AND RELATED OFFENSES,1
Mar,75,ASSAULT 3 AND RELATED OFFENSES,1
Mar,75,HARRASSMENT 2,2
Mar,77,ASSAULT 3 AND RELATED OFFENSES,3
Mar,77,DANGEROUS WEAPONS,1
Mar,77,DISORDERLY CONDUCT,1
Mar,77,HARRASSMENT 2,4
Mar,78,ASSAULT 3 AND RELATED OFFENSES,3
Mar,78,FELONY ASSAULT,2
Mar,78,HARRASSMENT 2,1
Mar,84,ASSAULT 3 AND RELATED OFFENSES,1
Mar,84,MISCELLANEOUS PENAL LAW,2
Mar,88,HARRASSMENT 2,1
Mar,88,MISCELLANEOUS PENAL LAW,1
Mar,69,OFF. AGNST PUB ORD SENSBLTY AND,1
Mar,73,ASSAULT 3 AND RELATED OFFENSES,2
Mar,73,DISORDERLY CONDUCT,1
Mar,73,FELONY ASSAULT,1
Mar,73,OFF. AGNST PUB ORD SENSBLTY AND,1
Mar,73,OFFENSES AGAINST THE PERSON,1
Mar,75,ASSAULT 3 AND RELATED OFFENSES,2
Mar,81,ASSAULT 3 AND RELATED OFFENSES,1
Mar,81,FELONY ASSAULT,2
Mar,81,HARRASSMENT 2,2
Mar,83,ASSAULT 3 AND RELATED OFFENSES,2
Mar,83,HARRASSMENT 2,2
Mar,83,OFFENSES AGAINST THE PERSON,1
Mar,90,FELONY ASSAULT,2
Mar,90,HARRASSMENT 2,2
Mar,104,ROBBERY,2
Mar,60,ASSAULT 3 AND RELATED OFFENSES,2
Mar,60,HARRASSMENT 2,1
Mar,61,ASSAULT 3 AND RELATED OFFENSES,2
Mar,61,HARRASSMENT 2,2
Mar,61,ROBBERY,1
Mar,62,HARRASSMENT 2,4
Mar,66,HARRASSMENT 2,1
Mar,66,MISCELLANEOUS PENAL LAW,1
Mar,66,SEX CRIMES,1
Mar,68,ASSAULT 3 AND RELATED OFFENSES,3
Mar,70,ASSAULT 3 AND RELATED OFFENSES,1
Mar,70,FELONY ASSAULT,1
Mar,72,ASSAULT 3 AND RELATED OFFENSES,1
Mar,72,FELONY ASSAULT,1
Mar,72,HARRASSMENT 2,1
Mar,72,SEX CRIMES,1
Apr,10,ASSAULT 3 AND RELATED OFFENSES,1
Apr,10,HARRASSMENT 2,1
Apr,14,ASSAULT 3 AND RELATED OFFENSES,4
Apr,14,DANGEROUS WEAPONS,1
Apr,14,FELONY ASSAULT,2
Apr,14,HARRASSMENT 2,4
Apr,14,OFF. AGNST PUB ORD SENSBLTY AND,1
Apr,14,OFFENSES AGAINST THE PERSON,2
Apr,14,SEX CRIMES,1
Apr,18,ASSAULT 3 AND RELATED OFFENSES,6
Apr,18,FELONY ASSAULT,3
Apr,18,HARRASSMENT 2,6
Apr,18,OFFENSES AGAINST THE PERSON,1
Apr,19,HARRASSMENT 2,1
Apr,19,OFF. AGNST PUB ORD SENSBLTY AND,2
Apr,20,ASSAULT 3 AND RELATED OFFENSES,2
Apr,20,BURGLARY,1
Apr,20,HARRASSMENT 2,1
Apr,20,SEX CRIMES,1
Apr,1,ASSAULT 3 AND RELATED OFFENSES,12
Apr,1,HARRASSMENT 2,2
Apr,1,KIDNAPPING AND RELATED OFFENSES,1
Apr,1,ROBBERY,2
Apr,5,ASSAULT 3 AND RELATED OFFENSES,1
Apr,5,HARRASSMENT 2,2
Apr,5,MISCELLANEOUS PENAL LAW,1
Apr,5,ROBBERY,1
Apr,5,SEX CRIMES,2
Apr,6,ASSAULT 3 AND RELATED OFFENSES,7
Apr,6,HARRASSMENT 2,2
Apr,6,ROBBERY,1
Apr,10,ASSAULT 3 AND RELATED OFFENSES,2
Apr,13,ASSAULT 3 AND RELATED OFFENSES,1
Apr,14,ASSAULT 3 AND RELATED OFFENSES,5
Apr,14,FELONY ASSAULT,3
Apr,14,HARRASSMENT 2,2
Apr,14,OFF. AGNST PUB ORD SENSBLTY AND,2
Apr,14,SEX CRIMES,2
Apr,24,ASSAULT 3 AND RELATED OFFENSES,1
Apr,24,HARRASSMENT 2,4
Apr,26,ASSAULT 3 AND RELATED OFFENSES,4
Apr,26,HARRASSMENT 2,2
Apr,26,SEX CRIMES,2
Apr,28,ASSAULT 3 AND RELATED OFFENSES,3
Apr,30,ASSAULT 3 AND RELATED OFFENSES,1
Apr,30,HARRASSMENT 2,1
Apr,30,SEX CRIMES,1
Apr,32,ASSAULT 3 AND RELATED OFFENSES,1
Apr,32,HARRASSMENT 2,3
Apr,33,ASSAULT 3 AND RELATED OFFENSES,1
Apr,33,OFF. AGNST PUB ORD SENSBLTY AND,1
Apr,34,ASSAULT 3 AND RELATED OFFENSES,2
Apr,34,HARRASSMENT 2,1
Apr,34,OFF. AGNST PUB ORD SENSBLTY AND,1
Apr,34,ROBBERY,1
Apr,34,SEX CRIMES,1
Apr,50,ASSAULT 3 AND RELATED OFFENSES,1
Apr,50,HARRASSMENT 2,1
Apr,5,ASSAULT 3 AND RELATED OFFENSES,2
Apr,5,HARRASSMENT 2,1
Apr,5,ROBBERY,1
Apr,7,ASSAULT 3 AND RELATED OFFENSES,2
Apr,9,ASSAULT 3 AND RELATED OFFENSES,1
Apr,9,HARRASSMENT 2,1
Apr,9,SEX CRIMES,2
Apr,13,ASSAULT 3 AND RELATED OFFENSES,10
Apr,13,FELONY ASSAULT,1
Apr,13,HARRASSMENT 2,3
Apr,13,SEX CRIMES,3
Apr,14,ASSAULT 3 AND RELATED OFFENSES,3
Apr,14,HARRASSMENT 2,4
Apr,14,ROBBERY,1
Apr,17,ASSAULT 3 AND RELATED OFFENSES,3
Apr,17,FELONY ASSAULT,2
Apr,17,HARRASSMENT 2,2
Apr,17,SEX CRIMES,2
Apr,19,ASSAULT 3 AND RELATED OFFENSES,5
Apr,19,HARRASSMENT 2,2
Apr,19,OFFENSES AGAINST THE PERSON,1
Apr,19,SEX CRIMES,2
Apr,25,ASSAULT 3 AND RELATED OFFENSES,1
Apr,25,HARRASSMENT 2,2
Apr,40,ASSAULT 3 AND RELATED OFFENSES,4
Apr,40,HARRASSMENT 2,1
Apr,44,ASSAULT 3 AND RELATED OFFENSES,3
Apr,44,FELONY ASSAULT,2
Apr,44,HARRASSMENT 2,7
Apr,44,SEX CRIMES,1
Apr,46,ASSAULT 3 AND RELATED OFFENSES,2
Apr,46,MISCELLANEOUS PENAL LAW,1
Apr,46,ROBBERY,2
Apr,52,ASSAULT 3 AND RELATED OFFENSES,1
Apr,52,ROBBERY,2
Apr,40,ASSAULT 3 AND RELATED OFFENSES,5
Apr,40,FELONY ASSAULT,1
Apr,40,HARRASSMENT 2,3
Apr,40,OFF. AGNST PUB ORD SENSBLTY AND,1
Apr,40,OFFENSES AGAINST THE PERSON,1
Apr,41,ASSAULT 3 AND RELATED OFFENSES,3
Apr,41,OFFENSES AGAINST THE PERSON,4
Apr,41,SEX CRIMES,1
Apr,42,FELONY ASSAULT,1
Apr,42,MISCELLANEOUS PENAL LAW,1
Apr,43,ASSAULT 3 AND RELATED OFFENSES,1
Apr,43,FELONY ASSAULT,1
Apr,45,ASSAULT 3 AND RELATED OFFENSES,1
Apr,45,ROBBERY,1
Apr,45,SEX CRIMES,1
Apr,47,ASSAULT 3 AND RELATED OFFENSES,1
Apr,47,OFF. AGNST PUB ORD SENSBLTY AND,1
Apr,47,ROBBERY,2
Apr,49,ASSAULT 3 AND RELATED OFFENSES,1
Apr,49,FELONY ASSAULT,1
Apr,49,HARRASSMENT 2,1
Apr,49,ROBBERY,1
Apr,49,SEX CRIMES,2
Apr,52,ASSAULT 3 AND RELATED OFFENSES,1
Apr,52,SEX CRIMES,1
Apr,103,ASSAULT 3 AND RELATED OFFENSES,3
Apr,103,HARRASSMENT 2,1
Apr,103,ROBBERY,1
Apr,107,ASSAULT 3 AND RELATED OFFENSES,2
Apr,107,FELONY ASSAULT,2
Apr,107,HARRASSMENT 2,1
Apr,107,OFFENSES AGAINST THE PERSON,1
Apr,107,ROBBERY,1
Apr,107,SEX CRIMES,1
Apr,108,ASSAULT 3 AND RELATED OFFENSES,5
Apr,108,HARRASSMENT 2,3
Apr,108,OFF. AGNST PUB ORD SENSBLTY AND,2
Apr,108,ROBBERY,1
Apr,109,HARRASSMENT 2,1
Apr,110,ASSAULT 3 AND RELATED OFFENSES,5
Apr,110,HARRASSMENT 2,2
Apr,110,OFFENSES AGAINST THE PERSON,1
Apr,110,SEX CRIMES,1
Apr,112,ASSAULT 3 AND RELATED OFFENSES,2
Apr,112,SEX CRIMES,1
Apr,114,ASSAULT 3 AND RELATED OFFENSES,3
Apr,114,FELONY ASSAULT,1
Apr,114,MISCELLANEOUS PENAL LAW,1
Apr,114,ROBBERY,1
Apr,115,ASSAULT 3 AND RELATED OFFENSES,6
Apr,115,FELONY ASSAULT,1
Apr,115,HARRASSMENT 2,1
Apr,115,SEX CRIMES,4
Apr,106,ASSAULT 3 AND RELATED OFFENSES,1
Apr,72,HARRASSMENT 2,2
Apr,78,HARRASSMENT 2,3
Apr,79,ASSAULT 3 AND RELATED OFFENSES,2
Apr,79,HARRASSMENT 2,1
Apr,79,OFFENSES AGAINST THE PERSON,2
Apr,79,ROBBERY,1
Apr,84,ASSAULT 3 AND RELATED OFFENSES,5
Apr,84,HARRASSMENT 2,5
Apr,84,OFF. AGNST PUB ORD SENSBLTY AND,2
Apr,88,ASSAULT 3 AND RELATED OFFENSES,2
Apr,90,ASSAULT 3 AND RELATED OFFENSES,1
Apr,67,HARRASSMENT 2,1
Apr,70,ASSAULT 3 AND RELATED OFFENSES,1
Apr,70,HARRASSMENT 2,2
Apr,71,OFF. AGNST PUB ORD SENSBLTY AND,2
Apr,71,OFFENSES AGAINST THE PERSON,1
Apr,72,ASSAULT 3 AND RELATED OFFENSES,1
Apr,72,HARRASSMENT 2,1
Apr,73,ASSAULT 3 AND RELATED OFFENSES,1
Apr,73,DISORDERLY CONDUCT,1
Apr,75,ASSAULT 3 AND RELATED OFFENSES,1
Apr,77,ASSAULT 3 AND RELATED OFFENSES,2
Apr,77,HARRASSMENT 2,1
Apr,78,ASSAULT 3 AND RELATED OFFENSES,1
Apr,78,HARRASSMENT 2,1
Apr,78,OFF. AGNST PUB ORD SENSBLTY AND,1
Apr,78,SEX CRIMES,1
Apr,84,ASSAULT 3 AND RELATED OFFENSES,1
Apr,84,DISORDERLY CONDUCT,1
Apr,84,HARRASSMENT 2,3
Apr,88,HARRASSMENT 2,3
Apr,73,ASSAULT 3 AND RELATED OFFENSES,5
Apr,73,DANGEROUS WEAPONS,1
Apr,73,FELONY ASSAULT,2
Apr,73,OFFENSES AGAINST THE PERSON,1
Apr,73,SEX CRIMES,2
Apr,75,ASSAULT 3 AND RELATED OFFENSES,2
Apr,75,FELONY ASSAULT,1
Apr,75,HARRASSMENT 2,1
Apr,75,OFFENSES AGAINST THE PERSON,1
Apr,75,ROBBERY,1
Apr,81,ASSAULT 3 AND RELATED OFFENSES,1
Apr,81,HARRASSMENT 2,1
Apr,83,ASSAULT 3 AND RELATED OFFENSES,1
Apr,83,FELONY ASSAULT,1
Apr,83,OFFENSES AGAINST THE PERSON,1
Apr,90,ASSAULT 3 AND RELATED OFFENSES,3
Apr,90,HARRASSMENT 2,1
Apr,90,OFFENSES AGAINST THE PERSON,1
Apr,90,ROBBERY,1
Apr,94,HARRASSMENT 2,1
Apr,94,OFF. AGNST PUB ORD SENSBLTY AND,1
Apr,104,ASSAULT 3 AND RELATED OFFENSES,2
Apr,60,OFF. AGNST PUB ORD SENSBLTY AND,1
Apr,61,ASSAULT 3 AND RELATED OFFENSES,1
Apr,61,HARRASSMENT 2,1
Apr,62,ASSAULT 3 AND RELATED OFFENSES,1
Apr,66,ASSAULT 3 AND RELATED OFFENSES,1
Apr,66,HARRASSMENT 2,1
Apr,72,ASSAULT 3 AND RELATED OFFENSES,4
May,10,HARRASSMENT 2,1
May,14,ASSAULT 3 AND RELATED OFFENSES,6
May,14,FELONY ASSAULT,1
May,14,HARRASSMENT 2,2
May,14,OFF. AGNST PUB ORD SENSBLTY AND,1
May,14,ROBBERY,2
May,14,SEX CRIMES,3
May,18,ASSAULT 3 AND RELATED OFFENSES,6
May,18,BURGLARY,1
May,18,FELONY ASSAULT,4
May,18,HARRASSMENT 2,7
May,18,MISCELLANEOUS PENAL LAW,1
May,18,OFF. AGNST PUB ORD SENSBLTY AND,2
May,18,OFFENSES AGAINST THE PERSON,1
May,18,ROBBERY,3
May,18,SEX CRIMES,1
May,19,ASSAULT 3 AND RELATED OFFENSES,1
May,20,ASSAULT 3 AND RELATED OFFENSES,1
May,1,ASSAULT 3 AND RELATED OFFENSES,5
May,1,FELONY ASSAULT,4
May,1,HARRASSMENT 2,3
May,1,OFF. AGNST PUB ORD SENSBLTY AND,3
May,1,OFFENSES AGAINST THE PERSON,1
May,1,ROBBERY,2
May,1,SEX CRIMES,1
May,5,ASSAULT 3 AND RELATED OFFENSES,3
May,5,FELONY ASSAULT,1
May,5,HARRASSMENT 2,4
May,5,MISCELLANEOUS PENAL LAW,1
May,5,ROBBERY,1
May,6,ASSAULT 3 AND RELATED OFFENSES,3
May,6,FELONY ASSAULT,2
May,6,HARRASSMENT 2,3
May,6,MISCELLANEOUS PENAL LAW,1
May,6,OFF. AGNST PUB ORD SENSBLTY AND,1
May,6,SEX CRIMES,1
May,10,ASSAULT 3 AND RELATED OFFENSES,2
May,10,FELONY ASSAULT,2
May,10,HARRASSMENT 2,1
May,10,OFF. AGNST PUB ORD SENSBLTY AND,1
May,10,OFFENSES AGAINST THE PERSON,1
May,13,ASSAULT 3 AND RELATED OFFENSES,1
May,13,HARRASSMENT 2,3
May,14,ASSAULT 3 AND RELATED OFFENSES,4
May,14,HARRASSMENT 2,1
May,24,ASSAULT 3 AND RELATED OFFENSES,4
May,24,DANGEROUS WEAPONS,1
May,24,HARRASSMENT 2,2
May,24,SEX CRIMES,1
May,26,ASSAULT 3 AND RELATED OFFENSES,5
May,26,HARRASSMENT 2,4
May,26,ROBBERY,1
May,28,ASSAULT 3 AND RELATED OFFENSES,3
May,28,HARRASSMENT 2,2
May,28,OFFENSES AGAINST THE PERSON,1
May,30,ASSAULT 3 AND RELATED OFFENSES,3
May,30,DISORDERLY CONDUCT,1
May,30,HARRASSMENT 2,4
May,32,FELONY ASSAULT,1
May,33,ASSAULT 3 AND RELATED OFFENSES,1
May,33,ROBBERY,1
May,34,ASSAULT 3 AND RELATED OFFENSES,2
May,34,OFF. AGNST PUB ORD SENSBLTY AND,1
May,34,ROBBERY,1
May,50,ASSAULT 3 AND RELATED OFFENSES,1
May,50,HARRASSMENT 2,2
May,50,OFF. AGNST PUB ORD SENSBLTY AND,1
May,5,ASSAULT 3 AND RELATED OFFENSES,4
May,5,HARRASSMENT 2,2
May,6,ASSAULT 3 AND RELATED OFFENSES,1
May,7,ASSAULT 3 AND RELATED OFFENSES,3
May,7,HARRASSMENT 2,5
May,7,OFF. AGNST PUB ORD SENSBLTY AND,1
May,7,ROBBERY,1
May,9,ASSAULT 3 AND RELATED OFFENSES,2
May,9,FELONY ASSAULT,1
May,9,HARRASSMENT 2,1
May,9,MISCELLANEOUS PENAL LAW,1
May,9,OFF. AGNST PUB ORD SENSBLTY AND,1
May,9,SEX CRIMES,1
May,13,ASSAULT 3 AND RELATED OFFENSES,11
May,13,DANGEROUS WEAPONS,1
May,13,FELONY ASSAULT,1
May,13,HARRASSMENT 2,2
May,13,OFFENSES AGAINST THE PERSON,1
May,13,ROBBERY,2
May,13,SEX CRIMES,1
May,14,ASSAULT 3 AND RELATED OFFENSES,6
May,14,FELONY ASSAULT,2
May,14,HARRASSMENT 2,4
May,14,SEX CRIMES,1
May,17,ASSAULT 3 AND RELATED OFFENSES,6
May,17,HARRASSMENT 2,1
May,17,SEX CRIMES,2
May,19,ASSAULT 3 AND RELATED OFFENSES,3
May,19,HARRASSMENT 2,2
May,19,OFF. AGNST PUB ORD SENSBLTY AND,1
May,19,SEX CRIMES,1
May,23,HARRASSMENT 2,1
May,25,ASSAULT 3 AND RELATED OFFENSES,1
May,25,HARRASSMENT 2,3
May,25,OFFENSES AGAINST THE PERSON,1
May,25,SEX CRIMES,2
May,40,ASSAULT 3 AND RELATED OFFENSES,4
May,40,SEX CRIMES,3
May,44,ASSAULT 3 AND RELATED OFFENSES,3
May,44,FELONY ASSAULT,1
May,44,HARRASSMENT 2,2
May,44,OFF. AGNST PUB ORD SENSBLTY AND,1
May,46,ASSAULT 3 AND RELATED OFFENSES,1
May,46,HARRASSMENT 2,1
May,52,OFF. AGNST PUB ORD SENSBLTY AND,1
May,40,ASSAULT 3 AND RELATED OFFENSES,2
May,40,DISORDERLY CONDUCT,1
May,40,OFF. AGNST PUB ORD SENSBLTY AND,1
May,40,SEX CRIMES,1
May,41,MISCELLANEOUS PENAL LAW,1
May,42,FELONY ASSAULT,1
May,42,HARRASSMENT 2,1
May,42,SEX CRIMES,1
May,43,SEX CRIMES,1
May,47,ROBBERY,1
May,47,SEX CRIMES,1
May,48,ROBBERY,1
May,52,DISORDERLY CONDUCT,1
May,52,SEX CRIMES,1
May,102,ASSAULT 3 AND RELATED OFFENSES,1
May,103,ASSAULT 3 AND RELATED OFFENSES,2
May,103,HARRASSMENT 2,1
May,103,ROBBERY,1
May,107,ASSAULT 3 AND RELATED OFFENSES,4
May,107,HARRASSMENT 2,1
May,107,OFFENSES AGAINST THE PERSON,1
May,108,ASSAULT 3 AND RELATED OFFENSES,4
May,108,FELONY ASSAULT,2
May,108,HARRASSMENT 2,4
May,108,OFF. AGNST PUB ORD SENSBLTY AND,1
May,108,ROBBERY,4
May,108,SEX CRIMES,2
May,109,ASSAULT 3 AND RELATED OFFENSES,1
May,109,OFFENSES AGAINST THE PERSON,2
May,110,FELONY ASSAULT,1
May,110,HARRASSMENT 2,1
May,110,OFF. AGNST PUB ORD SENSBLTY AND,1
May,110,OFFENSES AGAINST THE PERSON,6
May,110,ROBBERY,1
May,110,SEX CRIMES,1
May,112,ASSAULT 3 AND RELATED OFFENSES,3
May,112,ROBBERY,1
May,114,ASSAULT 3 AND RELATED OFFENSES,1
May,114,ROBBERY,1
May,115,ASSAULT 3 AND RELATED OFFENSES,5
May,115,HARRASSMENT 2,2
May,115,OFFENSES AGAINST THE PERSON,1
May,115,ROBBERY,2
May,115,SEX CRIMES,2
May,106,ASSAULT 3 AND RELATED OFFENSES,1
May,106,FELONY ASSAULT,1
May,106,ROBBERY,2
May,72,ASSAULT 3 AND RELATED OFFENSES,1
May,72,HARRASSMENT 2,1
May,76,ASSAULT 3 AND RELATED OFFENSES,2
May,76,FELONY ASSAULT,1
May,76,HARRASSMENT 2,1
May,76,OFFENSES AGAINST THE PERSON,1
May,78,ROBBERY,1
May,79,ROBBERY,1
May,84,ASSAULT 3 AND RELATED OFFENSES,1
May,84,HARRASSMENT 2,8
May,88,ASSAULT 3 AND RELATED OFFENSES,1
May,88,HARRASSMENT 2,1
May,90,ROBBERY,1
May,94,HARRASSMENT 2,1
May,70,ASSAULT 3 AND RELATED OFFENSES,2
May,71,ASSAULT 3 AND RELATED OFFENSES,1
May,71,ROBBERY,1
May,72,HARRASSMENT 2,1
May,73,ASSAULT 3 AND RELATED OFFENSES,1
May,73,DISORDERLY CONDUCT,1
May,73,FELONY ASSAULT,1
May,75,ROBBERY,1
May,77,DISORDERLY CONDUCT,1
May,77,HARRASSMENT 2,2
May,77,OFF. AGNST PUB ORD SENSBLTY AND,1
May,78,ASSAULT 3 AND RELATED OFFENSES,1
May,78,HARRASSMENT 2,3
May,78,SEX CRIMES,1
May,84,ASSAULT 3 AND RELATED OFFENSES,3
May,84,MISCELLANEOUS PENAL LAW,1
May,69,ASSAULT 3 AND RELATED OFFENSES,1
May,73,ASSAULT 3 AND RELATED OFFENSES,3
May,73,DANGEROUS WEAPONS,1
May,73,DISORDERLY CONDUCT,1
May,73,FELONY ASSAULT,3
May,73,MISCELLANEOUS PENAL LAW,1
May,73,OFFENSES AGAINST THE PERSON,3
May,73,SEX CRIMES,1
May,75,ASSAULT 3 AND RELATED OFFENSES,4
May,75,HARRASSMENT 2,2
May,75,ROBBERY,1
May,79,HARRASSMENT 2,2
May,81,ASSAULT 3 AND RELATED OFFENSES,2
May,81,FELONY ASSAULT,2
May,81,HARRASSMENT 2,1
May,83,ASSAULT 3 AND RELATED OFFENSES,1
May,83,FELONY ASSAULT,1
May,83,MISCELLANEOUS PENAL LAW,1
May,83,ROBBERY,1
May,90,ASSAULT 3 AND RELATED OFFENSES,1
May,90,OFF. AGNST PUB ORD SENSBLTY AND,2
May,90,ROBBERY,1
May,94,ASSAULT 3 AND RELATED OFFENSES,1
May,94,HARRASSMENT 2,1
May,104,FELONY ASSAULT,1
May,60,ASSAULT 3 AND RELATED OFFENSES,1
May,60,HARRASSMENT 2,4
May,60,ROBBERY,2
May,61,ASSAULT 3 AND RELATED OFFENSES,2
May,61,ROBBERY,1
May,61,SEX CRIMES,2
May,62,ASSAULT 3 AND RELATED OFFENSES,2
May,62,HARRASSMENT 2,3
May,62,ROBBERY,1
May,66,FELONY ASSAULT,1
May,66,HARRASSMENT 2,1
May,66,ROBBERY,1
May,68,OFF. AGNST PUB ORD SENSBLTY AND,1
May,68,SEX CRIMES,1
May,70,HARRASSMENT 2,1
May,70,SEX CRIMES,1
May,72,ASSAULT 3 AND RELATED OFFENSES,1
May,72,HARRASSMENT 2,1
Jun,14,ASSAULT 3 AND RELATED OFFENSES,4
Jun,14,OFF. AGNST PUB ORD SENSBLTY AND,1
Jun,14,ROBBERY,2
Jun,14,SEX CRIMES,1
Jun,18,ASSAULT 3 AND RELATED OFFENSES,5
Jun,18,FELONY ASSAULT,1
Jun,18,HARRASSMENT 2,2
Jun,18,SEX CRIMES,2
Jun,19,HARRASSMENT 2,1
Jun,19,MISCELLANEOUS PENAL LAW,1
Jun,20,ASSAULT 3 AND RELATED OFFENSES,3
Jun,20,HARRASSMENT 2,2
Jun,20,SEX CRIMES,1
Jun,24,HARRASSMENT 2,1
Jun,1,ASSAULT 3 AND RELATED OFFENSES,6
Jun,1,DISORDERLY CONDUCT,1
Jun,1,FELONY ASSAULT,4
Jun,1,HARRASSMENT 2,7
Jun,1,SEX CRIMES,4
Jun,5,ASSAULT 3 AND RELATED OFFENSES,2
Jun,5,HARRASSMENT 2,1
Jun,5,OFFENSES AGAINST THE PERSON,1
Jun,5,ROBBERY,1
Jun,5,SEX CRIMES,1
Jun,6,ASSAULT 3 AND RELATED OFFENSES,2
Jun,6,HARRASSMENT 2,1
Jun,6,OFFENSES AGAINST THE PERSON,2
Jun,6,SEX CRIMES,1
Jun,10,ASSAULT 3 AND RELATED OFFENSES,3
Jun,10,OFF. AGNST PUB ORD SENSBLTY AND,2
Jun,10,ROBBERY,1
Jun,10,SEX CRIMES,1
Jun,13,ASSAULT 3 AND RELATED OFFENSES,1
Jun,14,ASSAULT 3 AND RELATED OFFENSES,2
Jun,14,HARRASSMENT 2,3
Jun,14,OFFENSES AGAINST THE PERSON,1
Jun,14,ROBBERY,1
Jun,14,SEX CRIMES,1
Jun,24,ASSAULT 3 AND RELATED OFFENSES,5
Jun,24,HARRASSMENT 2,3
Jun,24,ROBBERY,2
Jun,24,SEX CRIMES,1
Jun,26,ASSAULT 3 AND RELATED OFFENSES,1
Jun,26,FELONY ASSAULT,1
Jun,26,HARRASSMENT 2,1
Jun,26,SEX CRIMES,1
Jun,28,ASSAULT 3 AND RELATED OFFENSES,2
Jun,28,FELONY ASSAULT,1
Jun,28,HARRASSMENT 2,1
Jun,28,SEX CRIMES,1
Jun,30,FELONY ASSAULT,3
Jun,30,HARRASSMENT 2,3
Jun,33,MURDER AND NON-NEGL. MANSLAUGHTE,1
Jun,33,SEX CRIMES,1
Jun,34,ASSAULT 3 AND RELATED OFFENSES,1
Jun,34,HARRASSMENT 2,2
Jun,34,ROBBERY,1
Jun,50,HARRASSMENT 2,1
Jun,5,ASSAULT 3 AND RELATED OFFENSES,2
Jun,5,HARRASSMENT 2,2
Jun,5,ROBBERY,1
Jun,5,SEX CRIMES,1
Jun,6,FELONY ASSAULT,1
Jun,7,ASSAULT 3 AND RELATED OFFENSES,1
Jun,9,ASSAULT 3 AND RELATED OFFENSES,1
Jun,9,HARRASSMENT 2,2
Jun,9,SEX CRIMES,1
Jun,13,ASSAULT 3 AND RELATED OFFENSES,7
Jun,13,FELONY ASSAULT,2
Jun,13,HARRASSMENT 2,1
Jun,13,SEX CRIMES,2
Jun,14,ASSAULT 3 AND RELATED OFFENSES,8
Jun,14,HARRASSMENT 2,1
Jun,14,SEX CRIMES,6
Jun,17,ASSAULT 3 AND RELATED OFFENSES,2
Jun,17,HARRASSMENT 2,2
Jun,17,SEX CRIMES,5
Jun,19,ASSAULT 3 AND RELATED OFFENSES,3
Jun,19,FELONY ASSAULT,4
Jun,19,HARRASSMENT 2,5
Jun,19,ROBBERY,1
Jun,23,ASSAULT 3 AND RELATED OFFENSES,1
Jun,23,FELONY ASSAULT,1
Jun,25,ASSAULT 3 AND RELATED OFFENSES,5
Jun,25,FELONY ASSAULT,1
Jun,25,HARRASSMENT 2,1
Jun,25,SEX CRIMES,2
Jun,40,ASSAULT 3 AND RELATED OFFENSES,4
Jun,40,FELONY ASSAULT,1
Jun,40,HARRASSMENT 2,1
Jun,40,OFF. AGNST PUB ORD SENSBLTY AND,2
Jun,40,OFFENSES AGAINST THE PERSON,1
Jun,40,RAPE,1
Jun,40,SEX CRIMES,2
Jun,44,ASSAULT 3 AND RELATED OFFENSES,3
Jun,44,HARRASSMENT 2,2
Jun,44,OFF. AGNST PUB ORD SENSBLTY AND,1
Jun,46,MISCELLANEOUS PENAL LAW,1
Jun,52,ASSAULT 3 AND RELATED OFFENSES,3
Jun,52,FELONY ASSAULT,1
Jun,40,ASSAULT 3 AND RELATED OFFENSES,5
Jun,40,FELONY ASSAULT,3
Jun,40,OFFENSES AGAINST THE PERSON,1
Jun,40,ROBBERY,2
Jun,41,HARRASSMENT 2,1
Jun,43,OFFENSES AGAINST THE PERSON,1
Jun,43,SEX CRIMES,1
Jun,45,ASSAULT 3 AND RELATED OFFENSES,1
Jun,45,HARRASSMENT 2,1
Jun,47,FELONY ASSAULT,2
Jun,47,OFF. AGNST PUB ORD SENSBLTY AND,1
Jun,47,ROBBERY,1
Jun,48,ASSAULT 3 AND RELATED OFFENSES,1
Jun,49,HARRASSMENT 2,1
Jun,52,ASSAULT 3 AND RELATED OFFENSES,1
Jun,52,HARRASSMENT 2,1
Jun,103,ASSAULT 3 AND RELATED OFFENSES,1
Jun,103,FELONY ASSAULT,1
Jun,103,SEX CRIMES,1
Jun,107,HARRASSMENT 2,1
Jun,108,ASSAULT 3 AND RELATED OFFENSES,8
Jun,108,FELONY ASSAULT,3
Jun,108,HARRASSMENT 2,4
Jun,108,MISCELLANEOUS PENAL LAW,1
Jun,109,ASSAULT 3 AND RELATED OFFENSES,1
Jun,109,OFFENSES AGAINST THE PERSON,1
Jun,110,ASSAULT 3 AND RELATED OFFENSES,1
Jun,110,OFFENSES AGAINST THE PERSON,4
Jun,110,SEX CRIMES,1
Jun,112,ASSAULT 3 AND RELATED OFFENSES,2
Jun,112,HARRASSMENT 2,1
Jun,112,MISCELLANEOUS PENAL LAW,1
Jun,112,ROBBERY,1
Jun,112,SEX CRIMES,2
Jun,114,ASSAULT 3 AND RELATED OFFENSES,2
Jun,114,BURGLARY,1
Jun,114,MISCELLANEOUS PENAL LAW,1
Jun,115,ASSAULT 3 AND RELATED OFFENSES,5
Jun,115,FELONY ASSAULT,5
Jun,115,HARRASSMENT 2,3
Jun,115,OFFENSES AGAINST THE PERSON,4
Jun,115,ROBBERY,2
Jun,115,SEX CRIMES,7
Jun,101,ASSAULT 3 AND RELATED OFFENSES,1
Jun,101,FELONY ASSAULT,1
Jun,101,HARRASSMENT 2,1
Jun,106,HARRASSMENT 2,1
Jun,66,HARRASSMENT 2,1
Jun,78,HARRASSMENT 2,1
Jun,78,ROBBERY,1
Jun,79,ASSAULT 3 AND RELATED OFFENSES,1
Jun,79,HARRASSMENT 2,2
Jun,84,ASSAULT 3 AND RELATED OFFENSES,3
Jun,84,FELONY ASSAULT,2
Jun,84,HARRASSMENT 2,7
Jun,88,HARRASSMENT 2,2
Jun,88,ROBBERY,1
Jun,90,ASSAULT 3 AND RELATED OFFENSES,1
Jun,90,HARRASSMENT 2,2
Jun,67,HARRASSMENT 2,1
Jun,71,ASSAULT 3 AND RELATED OFFENSES,1
Jun,71,FELONY ASSAULT,2
Jun,71,HARRASSMENT 2,1
Jun,72,ASSAULT 3 AND RELATED OFFENSES,1
Jun,73,ROBBERY,1
Jun,75,HARRASSMENT 2,1
Jun,77,ASSAULT 3 AND RELATED OFFENSES,1
Jun,77,DISORDERLY CONDUCT,1
Jun,77,OFF. AGNST PUB ORD SENSBLTY AND,1
Jun,77,SEX CRIMES,1
Jun,78,ASSAULT 3 AND RELATED OFFENSES,1
Jun,78,HARRASSMENT 2,3
Jun,78,SEX CRIMES,2
Jun,84,ASSAULT 3 AND RELATED OFFENSES,1
Jun,84,FELONY ASSAULT,1
Jun,84,HARRASSMENT 2,1
Jun,84,OFF. AGNST PUB ORD SENSBLTY AND,1
Jun,88,HARRASSMENT 2,1
Jun,69,HARRASSMENT 2,1
Jun,73,FELONY ASSAULT,2
Jun,73,HARRASSMENT 2,4
Jun,73,OFFENSES AGAINST THE PERSON,1
Jun,75,ASSAULT 3 AND RELATED OFFENSES,4
Jun,75,HARRASSMENT 2,2
Jun,75,OFFENSES AGAINST THE PERSON,1
Jun,75,SEX CRIMES,1
Jun,79,SEX CRIMES,1
Jun,81,FELONY ASSAULT,1
Jun,81,HARRASSMENT 2,1
Jun,81,MISCELLANEOUS PENAL LAW,2
Jun,81,MURDER AND NON-NEGL. MANSLAUGHTE,1
Jun,81,ROBBERY,1
Jun,83,ASSAULT 3 AND RELATED OFFENSES,3
Jun,83,HARRASSMENT 2,1
Jun,83,OFFENSES AGAINST THE PERSON,2
Jun,83,ROBBERY,1
Jun,90,SEX CRIMES,1
Jun,94,HARRASSMENT 2,1
Jun,104,ROBBERY,2
Jun,60,ASSAULT 3 AND RELATED OFFENSES,1
Jun,60,DANGEROUS WEAPONS,1
Jun,60,HARRASSMENT 2,1
Jun,60,OFFENSES AGAINST THE PERSON,1
Jun,60,ROBBERY,4
Jun,61,ASSAULT 3 AND RELATED OFFENSES,1
Jun,61,FELONY ASSAULT,1
Jun,61,HARRASSMENT 2,1
Jun,61,ROBBERY,1
Jun,62,ASSAULT 3 AND RELATED OFFENSES,3
Jun,62,FELONY ASSAULT,1
Jun,62,HARRASSMENT 2,1
Jun,62,ROBBERY,2
Jun,62,SEX CRIMES,2
Jun,66,ASSAULT 3 AND RELATED OFFENSES,1
Jun,68,ASSAULT 3 AND RELATED OFFENSES,1
Jun,68,SEX CRIMES,1
Jun,70,ASSAULT 3 AND RELATED OFFENSES,1
Jun,72,HARRASSMENT 2,1
Jun,72,MISCELLANEOUS PENAL LAW,2
Jun,72,OFFENSES AGAINST THE PERSON,1
Jul,10,SEX CRIMES,1
Jul,14,ASSAULT 3 AND RELATED OFFENSES,7
Jul,14,FELONY ASSAULT,7
Jul,14,HARRASSMENT 2,3
Jul,14,OFF. AGNST PUB ORD SENSBLTY AND,5
Jul,14,OFFENSES AGAINST THE PERSON,1
Jul,14,ROBBERY,1
Jul,18,ASSAULT 3 AND RELATED OFFENSES,6
Jul,18,HARRASSMENT 2,3
Jul,18,OFF. AGNST PUB ORD SENSBLTY AND,1
Jul,18,ROBBERY,1
Jul,18,SEX CRIMES,2
Jul,19,ASSAULT 3 AND RELATED OFFENSES,1
Jul,20,ASSAULT 3 AND RELATED OFFENSES,6
Jul,20,FELONY ASSAULT,1
Jul,24,FELONY ASSAULT,1
Jul,1,ASSAULT 3 AND RELATED OFFENSES,2
Jul,1,FELONY ASSAULT,2
Jul,1,HARRASSMENT 2,6
Jul,1,OFF. AGNST PUB ORD SENSBLTY AND,1
Jul,1,SEX CRIMES,2
Jul,5,ASSAULT 3 AND RELATED OFFENSES,4
Jul,5,HARRASSMENT 2,5
Jul,5,MISCELLANEOUS PENAL LAW,1
Jul,5,OFF. AGNST PUB ORD SENSBLTY AND,1
Jul,5,ROBBERY,1
Jul,6,ASSAULT 3 AND RELATED OFFENSES,5
Jul,6,FELONY ASSAULT,1
Jul,6,HARRASSMENT 2,2
Jul,6,OFFENSES AGAINST THE PERSON,1
Jul,10,HARRASSMENT 2,2
Jul,13,HARRASSMENT 2,3
Jul,14,ASSAULT 3 AND RELATED OFFENSES,4
Jul,14,FELONY ASSAULT,1
Jul,14,HARRASSMENT 2,1
Jul,14,OFF. AGNST PUB ORD SENSBLTY AND,2
Jul,24,ASSAULT 3 AND RELATED OFFENSES,2
Jul,24,DISORDERLY CONDUCT,1
Jul,24,HARRASSMENT 2,2
Jul,26,ASSAULT 3 AND RELATED OFFENSES,3
Jul,26,FELONY ASSAULT,1
Jul,26,HARRASSMENT 2,2
Jul,26,OFFENSES AGAINST THE PERSON,1
Jul,26,ROBBERY,1
Jul,28,FELONY ASSAULT,1
Jul,28,HARRASSMENT 2,1
Jul,28,ROBBERY,1
Jul,30,HARRASSMENT 2,1
Jul,30,ROBBERY,2
Jul,32,ASSAULT 3 AND RELATED OFFENSES,2
Jul,32,HARRASSMENT 2,2
Jul,32,MISCELLANEOUS PENAL LAW,1
Jul,32,OFF. AGNST PUB ORD SENSBLTY AND,1
Jul,33,OFFENSES AGAINST THE PERSON,1
Jul,34,ASSAULT 3 AND RELATED OFFENSES,1
Jul,34,MISCELLANEOUS PENAL LAW,1
Jul,34,ROBBERY,1
Jul,5,ASSAULT 3 AND RELATED OFFENSES,1
Jul,5,HARRASSMENT 2,3
Jul,7,HARRASSMENT 2,2
Jul,7,ROBBERY,1
Jul,7,SEX CRIMES,1
Jul,9,ASSAULT 3 AND RELATED OFFENSES,1
Jul,9,HARRASSMENT 2,1
Jul,9,SEX CRIMES,1
Jul,13,ASSAULT 3 AND RELATED OFFENSES,3
Jul,13,FELONY ASSAULT,1
Jul,13,HARRASSMENT 2,8
Jul,13,SEX CRIMES,3
Jul,14,ASSAULT 3 AND RELATED OFFENSES,5
Jul,14,HARRASSMENT 2,1
Jul,14,OFF. AGNST PUB ORD SENSBLTY AND,1
Jul,14,ROBBERY,1
Jul,17,ASSAULT 3 AND RELATED OFFENSES,2
Jul,17,HARRASSMENT 2,2
Jul,19,ASSAULT 3 AND RELATED OFFENSES,6
Jul,19,HARRASSMENT 2,6
Jul,19,OFF. AGNST PUB ORD SENSBLTY AND,1
Jul,19,OFFENSES AGAINST THE PERSON,1
Jul,19,ROBBERY,1
Jul,25,ASSAULT 3 AND RELATED OFFENSES,4
Jul,25,DISORDERLY CONDUCT,1
Jul,25,HARRASSMENT 2,4
Jul,40,ASSAULT 3 AND RELATED OFFENSES,7
Jul,40,FELONY ASSAULT,2
Jul,40,HARRASSMENT 2,2
Jul,40,OFF. AGNST PUB ORD SENSBLTY AND,2
Jul,40,ROBBERY,1
Jul,40,SEX CRIMES,1
Jul,44,ASSAULT 3 AND RELATED OFFENSES,3
Jul,44,FELONY ASSAULT,5
Jul,44,HARRASSMENT 2,3
Jul,44,SEX CRIMES,2
Jul,46,SEX CRIMES,1
Jul,52,ASSAULT 3 AND RELATED OFFENSES,1
Jul,52,ROBBERY,1
Jul,52,SEX CRIMES,2
Jul,40,ASSAULT 3 AND RELATED OFFENSES,4
Jul,40,ROBBERY,1
Jul,41,ASSAULT 3 AND RELATED OFFENSES,3
Jul,41,FELONY ASSAULT,1
Jul,41,MISCELLANEOUS PENAL LAW,2
Jul,41,OFF. AGNST PUB ORD SENSBLTY AND,1
Jul,41,OFFENSES AGAINST THE PERSON,3
Jul,41,ROBBERY,1
Jul,42,ASSAULT 3 AND RELATED OFFENSES,2
Jul,43,OFFENSES AGAINST THE PERSON,1
Jul,43,ROBBERY,1
Jul,47,ASSAULT 3 AND RELATED OFFENSES,3
Jul,47,FELONY ASSAULT,1
Jul,47,SEX CRIMES,1
Jul,48,ASSAULT 3 AND RELATED OFFENSES,3
Jul,49,HARRASSMENT 2,1
Jul,52,ASSAULT 3 AND RELATED OFFENSES,3
Jul,52,FELONY ASSAULT,1
Jul,52,OFFENSES AGAINST THE PERSON,1
Jul,102,ASSAULT 3 AND RELATED OFFENSES,1
Jul,102,HARRASSMENT 2,1
Jul,102,ROBBERY,2
Jul,103,ASSAULT 3 AND RELATED OFFENSES,1
Jul,103,DANGEROUS WEAPONS,1
Jul,107,ROBBERY,2
Jul,107,SEX CRIMES,1
Jul,108,ASSAULT 3 AND RELATED OFFENSES,3
Jul,108,HARRASSMENT 2,2
Jul,108,OFF. AGNST PUB ORD SENSBLTY AND,2
Jul,108,ROBBERY,2
Jul,109,ASSAULT 3 AND RELATED OFFENSES,1
Jul,109,HARRASSMENT 2,1
Jul,110,ASSAULT 3 AND RELATED OFFENSES,1
Jul,110,FELONY ASSAULT,2
Jul,110,HARRASSMENT 2,3
Jul,110,OFFENSES AGAINST THE PERSON,6
Jul,112,ASSAULT 3 AND RELATED OFFENSES,2
Jul,112,OFF. AGNST PUB ORD SENSBLTY AND,1
Jul,114,ASSAULT 3 AND RELATED OFFENSES,4
Jul,114,HARRASSMENT 2,3
Jul,114,SEX CRIMES,1
Jul,115,ASSAULT 3 AND RELATED OFFENSES,9
Jul,115,HARRASSMENT 2,1
Jul,115,SEX CRIMES,1
Jul,100,ROBBERY,1
Jul,101,ASSAULT 3 AND RELATED OFFENSES,1
Jul,106,ROBBERY,1
Jul,72,HARRASSMENT 2,1
Jul,76,ASSAULT 3 AND RELATED OFFENSES,1
Jul,76,ROBBERY,1
Jul,79,ASSAULT 3 AND RELATED OFFENSES,2
Jul,79,FELONY ASSAULT,1
Jul,79,HARRASSMENT 2,4
Jul,79,SEX CRIMES,1
Jul,84,ASSAULT 3 AND RELATED OFFENSES,8
Jul,84,FELONY ASSAULT,3
Jul,84,HARRASSMENT 2,6
Jul,84,MISCELLANEOUS PENAL LAW,1
Jul,84,OFF. AGNST PUB ORD SENSBLTY AND,1
Jul,84,ROBBERY,2
Jul,84,SEX CRIMES,2
Jul,88,ASSAULT 3 AND RELATED OFFENSES,1
Jul,88,FELONY ASSAULT,1
Jul,88,HARRASSMENT 2,1
Jul,90,OFF. AGNST PUB ORD SENSBLTY AND,1
Jul,70,ASSAULT 3 AND RELATED OFFENSES,1
Jul,70,HARRASSMENT 2,1
Jul,71,HARRASSMENT 2,1
Jul,72,ASSAULT 3 AND RELATED OFFENSES,1
Jul,72,FELONY ASSAULT,1
Jul,73,ROBBERY,1
Jul,75,ASSAULT 3 AND RELATED OFFENSES,2
Jul,75,HARRASSMENT 2,2
Jul,75,OFF. AGNST PUB ORD SENSBLTY AND,1
Jul,75,ROBBERY,1
Jul,77,ASSAULT 3 AND RELATED OFFENSES,3
Jul,77,FELONY ASSAULT,1
Jul,77,HARRASSMENT 2,1
Jul,78,ASSAULT 3 AND RELATED OFFENSES,3
Jul,78,FELONY ASSAULT,1
Jul,78,HARRASSMENT 2,1
Jul,78,OFFENSES AGAINST THE PERSON,1
Jul,84,ASSAULT 3 AND RELATED OFFENSES,3
Jul,84,HARRASSMENT 2,1
Jul,84,ROBBERY,1
Jul,69,ASSAULT 3 AND RELATED OFFENSES,1
Jul,73,ASSAULT 3 AND RELATED OFFENSES,8
Jul,73,DANGEROUS WEAPONS,1
Jul,73,HARRASSMENT 2,3
Jul,73,ROBBERY,2
Jul,73,SEX CRIMES,3
Jul,75,ASSAULT 3 AND RELATED OFFENSES,1
Jul,75,DANGEROUS WEAPONS,1
Jul,75,HARRASSMENT 2,2
Jul,75,ROBBERY,1
Jul,81,FELONY ASSAULT,1
Jul,83,MISCELLANEOUS PENAL LAW,1
Jul,94,ASSAULT 3 AND RELATED OFFENSES,1
Jul,104,HARRASSMENT 2,1
Jul,104,SEX CRIMES,1
Jul,60,ASSAULT 3 AND RELATED OFFENSES,2
Jul,60,FELONY ASSAULT,1
Jul,61,HARRASSMENT 2,1
Jul,61,OFF. AGNST PUB ORD SENSBLTY AND,1
Jul,61,SEX CRIMES,1
Jul,62,ASSAULT 3 AND RELATED OFFENSES,2
Jul,66,ASSAULT 3 AND RELATED OFFENSES,1
Jul,66,FELONY ASSAULT,1
Jul,66,ROBBERY,1
Jul,68,HARRASSMENT 2,1
Jul,70,OFF. AGNST PUB ORD SENSBLTY AND,1
Aug,14,ASSAULT 3 AND RELATED OFFENSES,10
Aug,14,DISORDERLY CONDUCT,1
Aug,14,FELONY ASSAULT,4
Aug,14,HARRASSMENT 2,3
Aug,14,ROBBERY,1
Aug,14,SEX CRIMES,1
Aug,18,ASSAULT 3 AND RELATED OFFENSES,4
Aug,18,FELONY ASSAULT,1
Aug,18,HARRASSMENT 2,4
Aug,18,OFF. AGNST PUB ORD SENSBLTY AND,1
Aug,18,ROBBERY,4
Aug,19,HARRASSMENT 2,2
Aug,20,ASSAULT 3 AND RELATED OFFENSES,1
Aug,20,FELONY ASSAULT,1
Aug,20,HARRASSMENT 2,3
Aug,20,OFF. AGNST PUB ORD SENSBLTY AND,1
Aug,20,ROBBERY,1
Aug,1,ASSAULT 3 AND RELATED OFFENSES,9
Aug,1,FELONY ASSAULT,4
Aug,1,HARRASSMENT 2,9
Aug,1,OFF. AGNST PUB ORD SENSBLTY AND,3
Aug,1,ROBBERY,2
Aug,1,SEX CRIMES,2
Aug,5,ASSAULT 3 AND RELATED OFFENSES,3
Aug,5,FELONY ASSAULT,1
Aug,5,HARRASSMENT 2,3
Aug,5,OFF. AGNST PUB ORD SENSBLTY AND,1
Aug,5,ROBBERY,2
Aug,5,SEX CRIMES,2
Aug,6,ASSAULT 3 AND RELATED OFFENSES,4
Aug,6,OFF. AGNST PUB ORD SENSBLTY AND,1
Aug,10,ASSAULT 3 AND RELATED OFFENSES,1
Aug,13,ASSAULT 3 AND RELATED OFFENSES,1
Aug,13,OFF. AGNST PUB ORD SENSBLTY AND,1
Aug,13,OFFENSES AGAINST THE PERSON,1
Aug,13,ROBBERY,1
Aug,13,SEX CRIMES,2
Aug,14,ASSAULT 3 AND RELATED OFFENSES,2
Aug,14,HARRASSMENT 2,2
Aug,14,OFFENSES AGAINST THE PERSON,1
Aug,24,FELONY ASSAULT,1
Aug,24,HARRASSMENT 2,1
Aug,24,ROBBERY,2
Aug,26,ASSAULT 3 AND RELATED OFFENSES,1
Aug,26,FELONY ASSAULT,1
Aug,26,HARRASSMENT 2,1
Aug,26,MISCELLANEOUS PENAL LAW,1
Aug,28,ASSAULT 3 AND RELATED OFFENSES,1
Aug,28,HARRASSMENT 2,3
Aug,28,OFF. AGNST PUB ORD SENSBLTY AND,1
Aug,28,SEX CRIMES,1
Aug,30,ASSAULT 3 AND RELATED OFFENSES,4
Aug,30,HARRASSMENT 2,2
Aug,30,ROBBERY,2
Aug,32,ASSAULT 3 AND RELATED OFFENSES,1
Aug,32,HARRASSMENT 2,3
Aug,32,ROBBERY,1
Aug,34,ASSAULT 3 AND RELATED OFFENSES,2
Aug,34,FELONY ASSAULT,1
Aug,50,SEX CRIMES,1
Aug,5,FELONY ASSAULT,1
Aug,5,HARRASSMENT 2,2
Aug,7,ASSAULT 3 AND RELATED OFFENSES,2
Aug,7,FELONY ASSAULT,2
Aug,7,HARRASSMENT 2,2
Aug,9,ASSAULT 3 AND RELATED OFFENSES,1
Aug,9,HARRASSMENT 2,1
Aug,9,MISCELLANEOUS PENAL LAW,1
Aug,9,OFFENSES AGAINST THE PERSON,1
Aug,13,ASSAULT 3 AND RELATED OFFENSES,5
Aug,13,FELONY ASSAULT,2
Aug,13,HARRASSMENT 2,6
Aug,13,MISCELLANEOUS PENAL LAW,2
Aug,13,OFFENSES AGAINST THE PERSON,1
Aug,13,ROBBERY,1
Aug,13,SEX CRIMES,3
Aug,14,ASSAULT 3 AND RELATED OFFENSES,6
Aug,14,HARRASSMENT 2,3
Aug,14,OFF. AGNST PUB ORD SENSBLTY AND,1
Aug,17,ASSAULT 3 AND RELATED OFFENSES,1
Aug,17,HARRASSMENT 2,3
Aug,19,ASSAULT 3 AND RELATED OFFENSES,3
Aug,19,FELONY ASSAULT,1
Aug,19,HARRASSMENT 2,5
Aug,19,OFF. AGNST PUB ORD SENSBLTY AND,1
Aug,19,SEX CRIMES,1
Aug,25,ASSAULT 3 AND RELATED OFFENSES,4
Aug,25,HARRASSMENT 2,1
Aug,40,ASSAULT 3 AND RELATED OFFENSES,5
Aug,40,FELONY ASSAULT,1
Aug,40,HARRASSMENT 2,1
Aug,40,OFF. AGNST PUB ORD SENSBLTY AND,1
Aug,40,OFFENSES AGAINST THE PERSON,2
Aug,44,ASSAULT 3 AND RELATED OFFENSES,3
Aug,44,FELONY ASSAULT,1
Aug,44,HARRASSMENT 2,2
Aug,44,OFF. AGNST PUB ORD SENSBLTY AND,2
Aug,44,ROBBERY,1
Aug,44,SEX CRIMES,1
Aug,46,ASSAULT 3 AND RELATED OFFENSES,3
Aug,46,SEX CRIMES,1
Aug,52,ASSAULT 3 AND RELATED OFFENSES,1
Aug,52,FELONY ASSAULT,1
Aug,40,ASSAULT 3 AND RELATED OFFENSES,1
Aug,40,FELONY ASSAULT,7
Aug,40,HARRASSMENT 2,1
Aug,40,MURDER AND NON-NEGL. MANSLAUGHTE,1
Aug,40,OFF. AGNST PUB ORD SENSBLTY AND,1
Aug,40,ROBBERY,2
Aug,41,ASSAULT 3 AND RELATED OFFENSES,1
Aug,41,FELONY ASSAULT,1
Aug,41,OFF. AGNST PUB ORD SENSBLTY AND,1
Aug,41,ROBBERY,1
Aug,42,ROBBERY,2
Aug,43,FELONY ASSAULT,2
Aug,43,HARRASSMENT 2,1
Aug,45,ROBBERY,1
Aug,47,ASSAULT 3 AND RELATED OFFENSES,1
Aug,47,OFF. AGNST PUB ORD SENSBLTY AND,2
Aug,47,ROBBERY,2
Aug,49,FELONY ASSAULT,1
Aug,49,HARRASSMENT 2,1
Aug,49,ROBBERY,1
Aug,52,ASSAULT 3 AND RELATED OFFENSES,1
Aug,52,FELONY ASSAULT,1
Aug,52,OFFENSES AGAINST THE PERSON,1
Aug,102,HARRASSMENT 2,2
Aug,102,OFF. AGNST PUB ORD SENSBLTY AND,1
Aug,103,ASSAULT 3 AND RELATED OFFENSES,1
Aug,103,HARRASSMENT 2,2
Aug,103,OFF. AGNST PUB ORD SENSBLTY AND,1
Aug,107,FELONY ASSAULT,1
Aug,107,HARRASSMENT 2,1
Aug,107,SEX CRIMES,2
Aug,108,ASSAULT 3 AND RELATED OFFENSES,1
Aug,108,FELONY ASSAULT,2
Aug,108,HARRASSMENT 2,5
Aug,108,OFFENSES AGAINST THE PERSON,1
Aug,108,ROBBERY,1
Aug,108,SEX CRIMES,1
Aug,109,MISCELLANEOUS PENAL LAW,1
Aug,109,ROBBERY,1
Aug,110,ASSAULT 3 AND RELATED OFFENSES,3
Aug,110,FELONY ASSAULT,1
Aug,110,HARRASSMENT 2,1
Aug,110,MISCELLANEOUS PENAL LAW,1
Aug,110,OFF. AGNST PUB ORD SENSBLTY AND,2
Aug,110,OFFENSES AGAINST THE PERSON,3
Aug,110,ROBBERY,2
Aug,110,SEX CRIMES,2
Aug,112,ASSAULT 3 AND RELATED OFFENSES,4
Aug,112,FELONY ASSAULT,1
Aug,112,HARRASSMENT 2,1
Aug,112,MISCELLANEOUS PENAL LAW,1
Aug,112,ROBBERY,1
Aug,114,FELONY ASSAULT,1
Aug,114,HARRASSMENT 2,1
Aug,114,ROBBERY,1
Aug,115,ASSAULT 3 AND RELATED OFFENSES,3
Aug,115,FELONY ASSAULT,1
Aug,115,HARRASSMENT 2,1
Aug,115,OFFENSES AGAINST THE PERSON,1
Aug,115,ROBBERY,3
Aug,115,SEX CRIMES,3
Aug,100,ROBBERY,2
Aug,106,ASSAULT 3 AND RELATED OFFENSES,1
Aug,106,FELONY ASSAULT,1
Aug,106,ROBBERY,2
Aug,72,ASSAULT 3 AND RELATED OFFENSES,2
Aug,72,SEX CRIMES,1
Aug,78,HARRASSMENT 2,1
Aug,79,ASSAULT 3 AND RELATED OFFENSES,1
Aug,79,FELONY ASSAULT,1
Aug,79,HARRASSMENT 2,2
Aug,79,ROBBERY,1
Aug,84,ASSAULT 3 AND RELATED OFFENSES,2
Aug,84,DISORDERLY CONDUCT,1
Aug,84,HARRASSMENT 2,4
Aug,84,ROBBERY,2
Aug,84,SEX CRIMES,3
Aug,88,ASSAULT 3 AND RELATED OFFENSES,1
Aug,88,HARRASSMENT 2,2
Aug,88,ROBBERY,1
Aug,67,HARRASSMENT 2,2
Aug,73,ASSAULT 3 AND RELATED OFFENSES,1
Aug,75,ASSAULT 3 AND RELATED OFFENSES,1
Aug,75,FELONY ASSAULT,1
Aug,75,HARRASSMENT 2,1
Aug,77,ASSAULT 3 AND RELATED OFFENSES,1
Aug,77,HARRASSMENT 2,1
Aug,77,ROBBERY,1
Aug,78,HARRASSMENT 2,3
Aug,84,ASSAULT 3 AND RELATED OFFENSES,1
Aug,84,HARRASSMENT 2,2
Aug,84,SEX CRIMES,1
Aug,88,ROBBERY,1
Aug,69,ASSAULT 3 AND RELATED OFFENSES,1
Aug,69,HARRASSMENT 2,1
Aug,73,ASSAULT 3 AND RELATED OFFENSES,3
Aug,73,FELONY ASSAULT,2
Aug,73,OFFENSES AGAINST THE PERSON,1
Aug,73,ROBBERY,1
Aug,73,SEX CRIMES,1
Aug,75,ASSAULT 3 AND RELATED OFFENSES,2
Aug,75,HARRASSMENT 2,1
Aug,75,SEX CRIMES,1
Aug,81,ASSAULT 3 AND RELATED OFFENSES,4
Aug,81,ROBBERY,1
Aug,83,ASSAULT 3 AND RELATED OFFENSES,1
Aug,83,HARRASSMENT 2,1
Aug,83,ROBBERY,2
Aug,83,SEX CRIMES,1
Aug,94,ASSAULT 3 AND RELATED OFFENSES,1
Aug,94,OFFENSES AGAINST THE PERSON,1
Aug,94,SEX CRIMES,1
Aug,104,ASSAULT 3 AND RELATED OFFENSES,2
Aug,60,ASSAULT 3 AND RELATED OFFENSES,4
Aug,60,FELONY ASSAULT,1
Aug,60,HARRASSMENT 2,1
Aug,60,MISCELLANEOUS PENAL LAW,1
Aug,61,HARRASSMENT 2,1
Aug,61,ROBBERY,1
Aug,62,ASSAULT 3 AND RELATED OFFENSES,2
Aug,62,SEX CRIMES,1
Aug,66,OFF. AGNST PUB ORD SENSBLTY AND,1
Aug,66,SEX CRIMES,1
Aug,68,ASSAULT 3 AND RELATED OFFENSES,3
Aug,68,HARRASSMENT 2,2
Aug,68,MISCELLANEOUS PENAL LAW,1
Aug,68,ROBBERY,1
Aug,68,SEX CRIMES,1
Aug,70,ASSAULT 3 AND RELATED OFFENSES,2
Aug,70,OFF. AGNST PUB ORD SENSBLTY AND,1
Aug,70,ROBBERY,1
Aug,72,ASSAULT 3 AND RELATED OFFENSES,1
Aug,72,ROBBERY,1
Sep,14,ASSAULT 3 AND RELATED OFFENSES,9
Sep,14,FELONY ASSAULT,1
Sep,14,HARRASSMENT 2,5
Sep,14,OFFENSES AGAINST THE PERSON,2
Sep,14,SEX CRIMES,4
Sep,18,ASSAULT 3 AND RELATED OFFENSES,7
Sep,18,HARRASSMENT 2,3
Sep,18,SEX CRIMES,2
Sep,19,ASSAULT 3 AND RELATED OFFENSES,1
Sep,19,HARRASSMENT 2,1
Sep,20,ASSAULT 3 AND RELATED OFFENSES,1
Sep,20,HARRASSMENT 2,4
Sep,20,SEX CRIMES,1
Sep,24,FELONY ASSAULT,1
Sep,1,ASSAULT 3 AND RELATED OFFENSES,7
Sep,1,HARRASSMENT 2,9
Sep,1,OFF. AGNST PUB ORD SENSBLTY AND,1
Sep,1,OFFENSES AGAINST THE PERSON,1
Sep,1,ROBBERY,3
Sep,1,SEX CRIMES,1
Sep,5,ASSAULT 3 AND RELATED OFFENSES,4
Sep,5,HARRASSMENT 2,2
Sep,5,SEX CRIMES,2
Sep,6,ASSAULT 3 AND RELATED OFFENSES,4
Sep,6,FELONY ASSAULT,1
Sep,6,HARRASSMENT 2,6
Sep,6,OFF. AGNST PUB ORD SENSBLTY AND,1
Sep,10,ASSAULT 3 AND RELATED OFFENSES,2
Sep,10,HARRASSMENT 2,2
Sep,10,ROBBERY,1
Sep,10,SEX CRIMES,1
Sep,13,ASSAULT 3 AND RELATED OFFENSES,1
Sep,13,FELONY ASSAULT,2
Sep,13,HARRASSMENT 2,1
Sep,14,ASSAULT 3 AND RELATED OFFENSES,5
Sep,14,HARRASSMENT 2,3
Sep,14,OFFENSES AGAINST THE PERSON,1
Sep,14,ROBBERY,1
Sep,14,SEX CRIMES,1
Sep,24,ASSAULT 3 AND RELATED OFFENSES,2
Sep,24,HARRASSMENT 2,4
Sep,24,OFF. AGNST PUB ORD SENSBLTY AND,1
Sep,24,SEX CRIMES,1
Sep,26,ASSAULT 3 AND RELATED OFFENSES,8
Sep,26,HARRASSMENT 2,3
Sep,26,RAPE,1
Sep,26,SEX CRIMES,2
Sep,28,SEX CRIMES,1
Sep,30,ASSAULT 3 AND RELATED OFFENSES,1
Sep,30,FELONY ASSAULT,2
Sep,32,ASSAULT 3 AND RELATED OFFENSES,1
Sep,32,HARRASSMENT 2,1
Sep,32,SEX CRIMES,1
Sep,33,ASSAULT 3 AND RELATED OFFENSES,3
Sep,33,FELONY ASSAULT,2
Sep,33,HARRASSMENT 2,2
Sep,33,ROBBERY,1
Sep,34,ASSAULT 3 AND RELATED OFFENSES,4
Sep,34,HARRASSMENT 2,1
Sep,5,ASSAULT 3 AND RELATED OFFENSES,1
Sep,5,DISORDERLY CONDUCT,1
Sep,5,HARRASSMENT 2,2
Sep,5,MISCELLANEOUS PENAL LAW,1
Sep,5,SEX CRIMES,2
Sep,7,FELONY ASSAULT,1
Sep,7,HARRASSMENT 2,2
Sep,9,ASSAULT 3 AND RELATED OFFENSES,1
Sep,9,OFF. AGNST PUB ORD SENSBLTY AND,2
Sep,13,ASSAULT 3 AND RELATED OFFENSES,3
Sep,13,FELONY ASSAULT,1
Sep,13,HARRASSMENT 2,2
Sep,13,SEX CRIMES,6
Sep,14,ASSAULT 3 AND RELATED OFFENSES,1
Sep,14,HARRASSMENT 2,2
Sep,14,SEX CRIMES,1
Sep,17,ASSAULT 3 AND RELATED OFFENSES,2
Sep,17,HARRASSMENT 2,1
Sep,17,SEX CRIMES,2
Sep,18,ASSAULT 3 AND RELATED OFFENSES,1
Sep,19,ASSAULT 3 AND RELATED OFFENSES,1
Sep,19,HARRASSMENT 2,6
Sep,19,OFFENSES AGAINST THE PERSON,1
Sep,19,ROBBERY,1
Sep,19,SEX CRIMES,3
Sep,23,FELONY ASSAULT,1
Sep,23,ROBBERY,1
Sep,23,SEX CRIMES,1
Sep,25,ASSAULT 3 AND RELATED OFFENSES,2
Sep,25,HARRASSMENT 2,2
Sep,25,SEX CRIMES,1
Sep,40,FELONY ASSAULT,1
Sep,40,OFF. AGNST PUB ORD SENSBLTY AND,1
Sep,40,SEX CRIMES,1
Sep,44,HARRASSMENT 2,1
Sep,44,OFF. AGNST PUB ORD SENSBLTY AND,1
Sep,44,OFFENSES AGAINST THE PERSON,1
Sep,44,SEX CRIMES,1
Sep,46,ASSAULT 3 AND RELATED OFFENSES,2
Sep,46,FELONY ASSAULT,2
Sep,46,HARRASSMENT 2,1
Sep,52,ASSAULT 3 AND RELATED OFFENSES,2
Sep,52,HARRASSMENT 2,2
Sep,52,OFF. AGNST PUB ORD SENSBLTY AND,1
Sep,40,ASSAULT 3 AND RELATED OFFENSES,4
Sep,40,FELONY ASSAULT,1
Sep,40,SEX CRIMES,1
Sep,41,FELONY ASSAULT,2
Sep,41,HARRASSMENT 2,1
Sep,41,OFF. AGNST PUB ORD SENSBLTY AND,1
Sep,41,ROBBERY,2
Sep,43,ASSAULT 3 AND RELATED OFFENSES,3
Sep,43,FELONY ASSAULT,1
Sep,43,ROBBERY,2
Sep,47,ASSAULT 3 AND RELATED OFFENSES,1
Sep,47,ROBBERY,1
Sep,47,SEX CRIMES,1
Sep,49,DANGEROUS WEAPONS,1
Sep,49,FELONY ASSAULT,3
Sep,49,HARRASSMENT 2,1
Sep,49,ROBBERY,2
Sep,52,FELONY ASSAULT,1
Sep,52,MISCELLANEOUS PENAL LAW,1
Sep,102,FELONY ASSAULT,1
Sep,102,HARRASSMENT 2,1
Sep,103,ASSAULT 3 AND RELATED OFFENSES,4
Sep,103,FELONY ASSAULT,1
Sep,103,HARRASSMENT 2,2
Sep,103,OFF. AGNST PUB ORD SENSBLTY AND,1
Sep,103,OFFENSES AGAINST THE PERSON,1
Sep,107,ASSAULT 3 AND RELATED OFFENSES,1
Sep,107,FELONY ASSAULT,2
Sep,107,HARRASSMENT 2,1
Sep,107,ROBBERY,1
Sep,108,ASSAULT 3 AND RELATED OFFENSES,3
Sep,108,HARRASSMENT 2,2
Sep,108,OFFENSES AGAINST THE PERSON,2
Sep,108,ROBBERY,1
Sep,108,SEX CRIMES,1
Sep,110,ASSAULT 3 AND RELATED OFFENSES,2
Sep,110,HARRASSMENT 2,1
Sep,110,MISCELLANEOUS PENAL LAW,1
Sep,110,OFF. AGNST PUB ORD SENSBLTY AND,2
Sep,110,OFFENSES AGAINST THE PERSON,2
Sep,110,SEX CRIMES,1
Sep,112,FELONY ASSAULT,1
Sep,112,HARRASSMENT 2,3
Sep,112,OFF. AGNST PUB ORD SENSBLTY AND,1
Sep,114,ASSAULT 3 AND RELATED OFFENSES,1
Sep,114,FELONY ASSAULT,2
Sep,114,HARRASSMENT 2,1
Sep,115,ASSAULT 3 AND RELATED OFFENSES,6
Sep,115,FELONY ASSAULT,2
Sep,115,HARRASSMENT 2,2
Sep,115,OFFENSES AGAINST THE PERSON,2
Sep,115,SEX CRIMES,6
Sep,100,HARRASSMENT 2,1
Sep,100,MISCELLANEOUS PENAL LAW,1
Sep,100,OFF. AGNST PUB ORD SENSBLTY AND,1
Sep,101,ASSAULT 3 AND RELATED OFFENSES,3
Sep,101,HARRASSMENT 2,1
Sep,106,FELONY ASSAULT,2
Sep,106,ROBBERY,1
Sep,66,ROBBERY,1
Sep,76,ASSAULT 3 AND RELATED OFFENSES,1
Sep,78,HARRASSMENT 2,2
Sep,79,ASSAULT 3 AND RELATED OFFENSES,3
Sep,79,HARRASSMENT 2,2
Sep,79,OFF. AGNST PUB ORD SENSBLTY AND,1
Sep,79,SEX CRIMES,1
Sep,84,ASSAULT 3 AND RELATED OFFENSES,1
Sep,84,FELONY ASSAULT,1
Sep,84,HARRASSMENT 2,4
Sep,84,SEX CRIMES,2
Sep,90,HARRASSMENT 2,3
Sep,90,SEX CRIMES,1
Sep,67,ASSAULT 3 AND RELATED OFFENSES,2
Sep,71,ASSAULT 3 AND RELATED OFFENSES,2
Sep,71,SEX CRIMES,2
Sep,73,ASSAULT 3 AND RELATED OFFENSES,2
Sep,73,FELONY ASSAULT,1
Sep,73,HARRASSMENT 2,1
Sep,75,ASSAULT 3 AND RELATED OFFENSES,1
Sep,75,HARRASSMENT 2,1
Sep,77,ASSAULT 3 AND RELATED OFFENSES,3
Sep,77,DANGEROUS WEAPONS,1
Sep,77,FELONY ASSAULT,1
Sep,77,HARRASSMENT 2,1
Sep,78,FELONY ASSAULT,1
Sep,78,HARRASSMENT 2,4
Sep,78,OFF. AGNST PUB ORD SENSBLTY AND,1
Sep,78,ROBBERY,1
Sep,84,OFF. AGNST PUB ORD SENSBLTY AND,1
Sep,84,ROBBERY,1
Sep,84,SEX CRIMES,1
Sep,73,ASSAULT 3 AND RELATED OFFENSES,2
Sep,73,DISORDERLY CONDUCT,1
Sep,73,FELONY ASSAULT,3
Sep,73,HARRASSMENT 2,3
Sep,73,MISCELLANEOUS PENAL LAW,1
Sep,73,MURDER AND NON-NEGL. MANSLAUGHTE,1
Sep,73,ROBBERY,1
Sep,75,ASSAULT 3 AND RELATED OFFENSES,2
Sep,75,HARRASSMENT 2,1
Sep,75,SEX CRIMES,1
Sep,79,HARRASSMENT 2,1
Sep,81,HARRASSMENT 2,1
Sep,83,FELONY ASSAULT,1
Sep,83,HARRASSMENT 2,2
Sep,90,HARRASSMENT 2,2
Sep,94,ASSAULT 3 AND RELATED OFFENSES,2
Sep,104,ASSAULT 3 AND RELATED OFFENSES,1
Sep,104,ROBBERY,1
Sep,60,ASSAULT 3 AND RELATED OFFENSES,3
Sep,60,HARRASSMENT 2,1
Sep,60,OFF. AGNST PUB ORD SENSBLTY AND,1
Sep,61,ASSAULT 3 AND RELATED OFFENSES,2
Sep,61,FELONY ASSAULT,1
Sep,61,HARRASSMENT 2,1
Sep,62,HARRASSMENT 2,1
Sep,62,SEX CRIMES,2
Sep,66,FELONY ASSAULT,1
Sep,66,ROBBERY,1
Sep,68,ASSAULT 3 AND RELATED OFFENSES,1
Sep,68,SEX CRIMES,1
Sep,70,HARRASSMENT 2,2
Sep,72,ASSAULT 3 AND RELATED OFFENSES,3
Sep,72,FELONY ASSAULT,1
Oct,14,ASSAULT 3 AND RELATED OFFENSES,5
Oct,14,HARRASSMENT 2,4
Oct,14,ROBBERY,2
Oct,14,SEX CRIMES,1
Oct,18,ASSAULT 3 AND RELATED OFFENSES,8
Oct,18,FELONY ASSAULT,2
Oct,18,HARRASSMENT 2,1
Oct,18,SEX CRIMES,2
Oct,19,ASSAULT 3 AND RELATED OFFENSES,1
Oct,20,ASSAULT 3 AND RELATED OFFENSES,1
Oct,20,HARRASSMENT 2,2
Oct,20,SEX CRIMES,1
Oct,1,ASSAULT 3 AND RELATED OFFENSES,7
Oct,1,FELONY ASSAULT,3
Oct,1,HARRASSMENT 2,5
Oct,1,ROBBERY,2
Oct,1,SEX CRIMES,2
Oct,5,ASSAULT 3 AND RELATED OFFENSES,2
Oct,5,DANGEROUS WEAPONS,1
Oct,5,ROBBERY,1
Oct,5,SEX CRIMES,1
Oct,6,ASSAULT 3 AND RELATED OFFENSES,5
Oct,6,HARRASSMENT 2,1
Oct,6,ROBBERY,1
Oct,10,ASSAULT 3 AND RELATED OFFENSES,4
Oct,10,FELONY ASSAULT,3
Oct,10,HARRASSMENT 2,2
Oct,10,SEX CRIMES,1
Oct,13,ASSAULT 3 AND RELATED OFFENSES,3
Oct,13,BURGLARY,1
Oct,13,HARRASSMENT 2,1
Oct,14,ASSAULT 3 AND RELATED OFFENSES,4
Oct,14,HARRASSMENT 2,4
Oct,14,OFF. AGNST PUB ORD SENSBLTY AND,1
Oct,14,ROBBERY,1
Oct,24,ASSAULT 3 AND RELATED OFFENSES,3
Oct,24,HARRASSMENT 2,1
Oct,24,ROBBERY,1
Oct,26,ASSAULT 3 AND RELATED OFFENSES,6
Oct,26,FELONY ASSAULT,1
Oct,26,MISCELLANEOUS PENAL LAW,1
Oct,26,OFF. AGNST PUB ORD SENSBLTY AND,2
Oct,26,SEX CRIMES,2
Oct,28,FELONY ASSAULT,1
Oct,28,HARRASSMENT 2,2
Oct,28,SEX CRIMES,1
Oct,30,ASSAULT 3 AND RELATED OFFENSES,4
Oct,30,FELONY ASSAULT,1
Oct,30,OFF. AGNST PUB ORD SENSBLTY AND,2
Oct,32,ASSAULT 3 AND RELATED OFFENSES,1
Oct,32,HARRASSMENT 2,1
Oct,32,RAPE,1
Oct,33,ASSAULT 3 AND RELATED OFFENSES,4
Oct,33,HARRASSMENT 2,1
Oct,33,MISCELLANEOUS PENAL LAW,1
Oct,33,ROBBERY,3
Oct,34,ASSAULT 3 AND RELATED OFFENSES,1
Oct,34,FELONY ASSAULT,1
Oct,34,HARRASSMENT 2,2
Oct,50,ASSAULT 3 AND RELATED OFFENSES,2
Oct,5,ASSAULT 3 AND RELATED OFFENSES,6
Oct,5,FELONY ASSAULT,1
Oct,5,HARRASSMENT 2,1
Oct,5,ROBBERY,1
Oct,7,HARRASSMENT 2,1
Oct,9,ASSAULT 3 AND RELATED OFFENSES,2
Oct,9,FELONY ASSAULT,1
Oct,9,ROBBERY,1
Oct,13,ASSAULT 3 AND RELATED OFFENSES,7
Oct,13,DANGEROUS WEAPONS,2
Oct,13,FELONY ASSAULT,1
Oct,13,HARRASSMENT 2,11
Oct,13,RAPE,1
Oct,13,ROBBERY,1
Oct,13,SEX CRIMES,2
Oct,14,ASSAULT 3 AND RELATED OFFENSES,4
Oct,14,HARRASSMENT 2,2
Oct,14,OFF. AGNST PUB ORD SENSBLTY AND,1
Oct,14,SEX CRIMES,1
Oct,17,ASSAULT 3 AND RELATED OFFENSES,7
Oct,17,HARRASSMENT 2,3
Oct,17,SEX CRIMES,3
Oct,19,ASSAULT 3 AND RELATED OFFENSES,5
Oct,19,HARRASSMENT 2,6
Oct,19,SEX CRIMES,2
Oct,23,ASSAULT 3 AND RELATED OFFENSES,1
Oct,25,ASSAULT 3 AND RELATED OFFENSES,2
Oct,25,FELONY ASSAULT,1
Oct,25,HARRASSMENT 2,1
Oct,25,OFFENSES AGAINST THE PERSON,1
Oct,25,SEX CRIMES,1
Oct,40,ASSAULT 3 AND RELATED OFFENSES,5
Oct,40,DANGEROUS WEAPONS,1
Oct,40,FELONY ASSAULT,1
Oct,40,HARRASSMENT 2,1
Oct,40,OFF. AGNST PUB ORD SENSBLTY AND,1
Oct,40,ROBBERY,3
Oct,40,SEX CRIMES,3
Oct,44,ASSAULT 3 AND RELATED OFFENSES,1
Oct,44,FELONY ASSAULT,1
Oct,44,HARRASSMENT 2,2
Oct,44,SEX CRIMES,1
Oct,46,ASSAULT 3 AND RELATED OFFENSES,5
Oct,46,DANGEROUS WEAPONS,1
Oct,46,FELONY ASSAULT,1
Oct,46,OFF. AGNST PUB ORD SENSBLTY AND,2
Oct,46,ROBBERY,1
Oct,52,ASSAULT 3 AND RELATED OFFENSES,1
Oct,52,DANGEROUS WEAPONS,1
Oct,52,OFFENSES AGAINST THE PERSON,1
Oct,40,ASSAULT 3 AND RELATED OFFENSES,3
Oct,40,DANGEROUS WEAPONS,1
Oct,40,FELONY ASSAULT,3
Oct,40,HARRASSMENT 2,1
Oct,40,OFFENSES AGAINST THE PERSON,1
Oct,40,ROBBERY,3
Oct,41,ASSAULT 3 AND RELATED OFFENSES,3
Oct,41,HARRASSMENT 2,2
Oct,42,FELONY ASSAULT,1
Oct,43,DANGEROUS WEAPONS,1
Oct,43,DISORDERLY CONDUCT,1
Oct,43,FELONY ASSAULT,3
Oct,43,HARRASSMENT 2,1
Oct,43,MISCELLANEOUS PENAL LAW,1
Oct,43,OFFENSES AGAINST THE PERSON,6
Oct,43,ROBBERY,1
Oct,45,BURGLARY,1
Oct,45,HARRASSMENT 2,1
Oct,47,ASSAULT 3 AND RELATED OFFENSES,1
Oct,47,FELONY ASSAULT,2
Oct,47,ROBBERY,1
Oct,47,SEX CRIMES,1
Oct,48,ASSAULT 3 AND RELATED OFFENSES,1
Oct,48,HARRASSMENT 2,1
Oct,48,OFFENSES AGAINST THE PERSON,1
Oct,48,ROBBERY,2
Oct,49,ASSAULT 3 AND RELATED OFFENSES,1
Oct,49,FELONY ASSAULT,1
Oct,49,HARRASSMENT 2,1
Oct,49,ROBBERY,2
Oct,102,HARRASSMENT 2,3
Oct,102,ROBBERY,1
Oct,103,FELONY ASSAULT,1
Oct,103,HARRASSMENT 2,1
Oct,103,OFF. AGNST PUB ORD SENSBLTY AND,1
Oct,103,SEX CRIMES,1
Oct,107,FELONY ASSAULT,3
Oct,107,HARRASSMENT 2,1
Oct,108,ASSAULT 3 AND RELATED OFFENSES,6
Oct,108,FELONY ASSAULT,1
Oct,108,HARRASSMENT 2,3
Oct,108,OFFENSES AGAINST THE PERSON,6
Oct,108,ROBBERY,1
Oct,108,SEX CRIMES,1
Oct,109,FELONY ASSAULT,1
Oct,110,FELONY ASSAULT,1
Oct,110,HARRASSMENT 2,2
Oct,110,OFFENSES AGAINST THE PERSON,1
Oct,110,SEX CRIMES,1
Oct,112,ASSAULT 3 AND RELATED OFFENSES,3
Oct,112,HARRASSMENT 2,4
Oct,112,OFF. AGNST PUB ORD SENSBLTY AND,1
Oct,112,SEX CRIMES,1
Oct,114,OFFENSES AGAINST THE PERSON,1
Oct,114,SEX CRIMES,1
Oct,115,ASSAULT 3 AND RELATED OFFENSES,3
Oct,115,HARRASSMENT 2,1
Oct,115,OFF. AGNST PUB ORD SENSBLTY AND,1
Oct,115,OFFENSES AGAINST THE PERSON,1
Oct,115,SEX CRIMES,5
Oct,106,ASSAULT 3 AND RELATED OFFENSES,2
Oct,106,HARRASSMENT 2,1
Oct,106,OFFENSES AGAINST THE PERSON,1
Oct,106,ROBBERY,1
Oct,106,SEX CRIMES,1
Oct,66,OFF. AGNST PUB ORD SENSBLTY AND,1
Oct,72,HARRASSMENT 2,1
Oct,72,ROBBERY,1
Oct,76,ASSAULT 3 AND RELATED OFFENSES,1
Oct,76,HARRASSMENT 2,1
Oct,78,ASSAULT 3 AND RELATED OFFENSES,1
Oct,78,HARRASSMENT 2,1
Oct,79,FELONY ASSAULT,1
Oct,79,HARRASSMENT 2,1
Oct,79,SEX CRIMES,1
Oct,84,ASSAULT 3 AND RELATED OFFENSES,5
Oct,84,FELONY ASSAULT,1
Oct,84,HARRASSMENT 2,6
Oct,84,OFF. AGNST PUB ORD SENSBLTY AND,2
Oct,84,SEX CRIMES,2
Oct,88,ASSAULT 3 AND RELATED OFFENSES,1
Oct,88,HARRASSMENT 2,2
Oct,88,ROBBERY,2
Oct,90,HARRASSMENT 2,1
Oct,90,ROBBERY,1
Oct,94,OFF. AGNST PUB ORD SENSBLTY AND,1
Oct,67,DISORDERLY CONDUCT,1
Oct,70,ASSAULT 3 AND RELATED OFFENSES,1
Oct,70,HARRASSMENT 2,3
Oct,71,ASSAULT 3 AND RELATED OFFENSES,2
Oct,71,HARRASSMENT 2,1
Oct,71,ROBBERY,1
Oct,73,ASSAULT 3 AND RELATED OFFENSES,1
Oct,73,HARRASSMENT 2,2
Oct,73,SEX CRIMES,1
Oct,77,DISORDERLY CONDUCT,2
Oct,77,FELONY ASSAULT,2
Oct,77,HARRASSMENT 2,1
Oct,77,OFF. AGNST PUB ORD SENSBLTY AND,1
Oct,77,OFFENSES AGAINST THE PERSON,1
Oct,77,ROBBERY,1
Oct,78,ASSAULT 3 AND RELATED OFFENSES,1
Oct,78,HARRASSMENT 2,1
Oct,78,OFFENSES AGAINST THE PERSON,1
Oct,84,ASSAULT 3 AND RELATED OFFENSES,2
Oct,84,DISORDERLY CONDUCT,1
Oct,84,HARRASSMENT 2,2
Oct,84,SEX CRIMES,1
Oct,88,ASSAULT 3 AND RELATED OFFENSES,1
Oct,88,HARRASSMENT 2,1
Oct,69,ASSAULT 3 AND RELATED OFFENSES,1
Oct,69,HARRASSMENT 2,1
Oct,73,ASSAULT 3 AND RELATED OFFENSES,6
Oct,73,HARRASSMENT 2,4
Oct,73,OFF. AGNST PUB ORD SENSBLTY AND,1
Oct,73,ROBBERY,1
Oct,75,ASSAULT 3 AND RELATED OFFENSES,3
Oct,75,FELONY ASSAULT,1
Oct,75,HARRASSMENT 2,2
Oct,75,ROBBERY,1
Oct,79,ASSAULT 3 AND RELATED OFFENSES,1
Oct,79,ROBBERY,1
Oct,81,HARRASSMENT 2,1
Oct,81,OFF. AGNST PUB ORD SENSBLTY AND,1
Oct,81,ROBBERY,1
Oct,81,SEX CRIMES,1
Oct,83,HARRASSMENT 2,4
Oct,83,SEX CRIMES,1
Oct,90,HARRASSMENT 2,1
Oct,90,ROBBERY,1
Oct,94,ASSAULT 3 AND RELATED OFFENSES,1
Oct,94,SEX CRIMES,1
Oct,104,ASSAULT 3 AND RELATED OFFENSES,1
Oct,104,ROBBERY,1
Oct,104,SEX CRIMES,1
Oct,60,ASSAULT 3 AND RELATED OFFENSES,1
Oct,60,HARRASSMENT 2,1
Oct,60,MISCELLANEOUS PENAL LAW,1
Oct,60,MURDER AND NON-NEGL. MANSLAUGHTE,1
Oct,60,ROBBERY,1
Oct,61,ASSAULT 3 AND RELATED OFFENSES,2
Oct,61,FELONY ASSAULT,1
Oct,61,ROBBERY,1
Oct,62,ASSAULT 3 AND RELATED OFFENSES,2
Oct,62,FELONY ASSAULT,1
Oct,62,ROBBERY,2
Oct,66,ASSAULT 3 AND RELATED OFFENSES,2
Oct,66,ROBBERY,1
Oct,68,FELONY ASSAULT,1
Oct,70,ASSAULT 3 AND RELATED OFFENSES,2
Oct,72,ROBBERY,1
Oct,14,ASSAULT 3 AND RELATED OFFENSES,1
Oct,14,HARRASSMENT 2,1
Nov,10,HARRASSMENT 2,2
Nov,14,ASSAULT 3 AND RELATED OFFENSES,4
Nov,14,FELONY ASSAULT,4
Nov,14,HARRASSMENT 2,7
Nov,14,ROBBERY,4
Nov,14,SEX CRIMES,3
Nov,18,ARSON,1
Nov,18,ASSAULT 3 AND RELATED OFFENSES,4
Nov,18,FELONY ASSAULT,2
Nov,18,HARRASSMENT 2,8
Nov,18,OFF. AGNST PUB ORD SENSBLTY AND,1
Nov,18,SEX CRIMES,1
Nov,20,ASSAULT 3 AND RELATED OFFENSES,4
Nov,20,HARRASSMENT 2,2
Nov,20,OFF. AGNST PUB ORD SENSBLTY AND,1
Nov,20,SEX CRIMES,2
Nov,24,ASSAULT 3 AND RELATED OFFENSES,1
Nov,1,ASSAULT 3 AND RELATED OFFENSES,6
Nov,1,HARRASSMENT 2,7
Nov,1,ROBBERY,1
Nov,5,ASSAULT 3 AND RELATED OFFENSES,1
Nov,5,HARRASSMENT 2,1
Nov,6,ASSAULT 3 AND RELATED OFFENSES,3
Nov,6,HARRASSMENT 2,2
Nov,6,SEX CRIMES,2
Nov,10,ASSAULT 3 AND RELATED OFFENSES,2
Nov,10,FELONY ASSAULT,3
Nov,10,HARRASSMENT 2,2
Nov,13,ASSAULT 3 AND RELATED OFFENSES,2
Nov,13,HARRASSMENT 2,1
Nov,14,ASSAULT 3 AND RELATED OFFENSES,3
Nov,14,BURGLARY,1
Nov,14,FELONY ASSAULT,1
Nov,14,HARRASSMENT 2,5
Nov,14,OFF. AGNST PUB ORD SENSBLTY AND,1
Nov,24,ASSAULT 3 AND RELATED OFFENSES,2
Nov,24,FELONY ASSAULT,2
Nov,24,HARRASSMENT 2,4
Nov,26,ASSAULT 3 AND RELATED OFFENSES,4
Nov,26,FELONY ASSAULT,3
Nov,26,HARRASSMENT 2,1
Nov,28,ASSAULT 3 AND RELATED OFFENSES,1
Nov,28,HARRASSMENT 2,1
Nov,30,ASSAULT 3 AND RELATED OFFENSES,1
Nov,30,FELONY ASSAULT,1
Nov,30,HARRASSMENT 2,1
Nov,30,SEX CRIMES,1
Nov,32,HARRASSMENT 2,1
Nov,33,ASSAULT 3 AND RELATED OFFENSES,3
Nov,33,HARRASSMENT 2,1
Nov,33,SEX CRIMES,1
Nov,34,HARRASSMENT 2,1
Nov,34,ROBBERY,2
Nov,50,HARRASSMENT 2,1
Nov,5,ASSAULT 3 AND RELATED OFFENSES,2
Nov,5,DISORDERLY CONDUCT,1
Nov,5,FELONY ASSAULT,1
Nov,5,HARRASSMENT 2,1
Nov,5,MISCELLANEOUS PENAL LAW,1
Nov,7,ASSAULT 3 AND RELATED OFFENSES,3
Nov,7,FELONY ASSAULT,1
Nov,7,HARRASSMENT 2,2
Nov,7,ROBBERY,1
Nov,9,HARRASSMENT 2,1
Nov,13,ASSAULT 3 AND RELATED OFFENSES,11
Nov,13,HARRASSMENT 2,5
Nov,13,OFF. AGNST PUB ORD SENSBLTY AND,1
Nov,13,ROBBERY,1
Nov,13,SEX CRIMES,2
Nov,14,ASSAULT 3 AND RELATED OFFENSES,4
Nov,14,FELONY ASSAULT,2
Nov,14,HARRASSMENT 2,3
Nov,14,OFF. AGNST PUB ORD SENSBLTY AND,1
Nov,17,ASSAULT 3 AND RELATED OFFENSES,5
Nov,17,FELONY ASSAULT,1
Nov,17,SEX CRIMES,2
Nov,19,ASSAULT 3 AND RELATED OFFENSES,6
Nov,19,HARRASSMENT 2,1
Nov,19,OFF. AGNST PUB ORD SENSBLTY AND,1
Nov,19,OFFENSES AGAINST THE PERSON,1
Nov,19,ROBBERY,1
Nov,19,SEX CRIMES,1
Nov,23,ASSAULT 3 AND RELATED OFFENSES,1
Nov,23,FELONY ASSAULT,1
Nov,23,SEX CRIMES,1
Nov,25,HARRASSMENT 2,3
Nov,25,OFFENSES AGAINST THE PERSON,1
Nov,40,ASSAULT 3 AND RELATED OFFENSES,7
Nov,40,ROBBERY,1
Nov,40,SEX CRIMES,1
Nov,44,ASSAULT 3 AND RELATED OFFENSES,3
Nov,44,FELONY ASSAULT,1
Nov,46,ASSAULT 3 AND RELATED OFFENSES,1
Nov,46,FELONY ASSAULT,2
Nov,46,HARRASSMENT 2,2
Nov,46,MISCELLANEOUS PENAL LAW,1
Nov,46,ROBBERY,1
Nov,52,ASSAULT 3 AND RELATED OFFENSES,1
Nov,52,DANGEROUS WEAPONS,1
Nov,52,FELONY ASSAULT,2
Nov,52,OFF. AGNST PUB ORD SENSBLTY AND,1
Nov,52,ROBBERY,2
Nov,40,ASSAULT 3 AND RELATED OFFENSES,2
Nov,40,FELONY ASSAULT,3
Nov,40,OFF. AGNST PUB ORD SENSBLTY AND,1
Nov,40,OFFENSES AGAINST THE PERSON,1
Nov,40,ROBBERY,1
Nov,41,ASSAULT 3 AND RELATED OFFENSES,1
Nov,41,HARRASSMENT 2,1
Nov,41,OFFENSES AGAINST THE PERSON,2
Nov,41,ROBBERY,1
Nov,42,ROBBERY,2
Nov,42,SEX CRIMES,1
Nov,43,OFFENSES AGAINST THE PERSON,1
Nov,43,ROBBERY,1
Nov,43,SEX CRIMES,2
Nov,45,ASSAULT 3 AND RELATED OFFENSES,1
Nov,47,ROBBERY,1
Nov,48,ASSAULT 3 AND RELATED OFFENSES,4
Nov,48,DISORDERLY CONDUCT,1
Nov,48,FELONY ASSAULT,2
Nov,48,HARRASSMENT 2,2
Nov,48,ROBBERY,1
Nov,49,ASSAULT 3 AND RELATED OFFENSES,1
Nov,49,FELONY ASSAULT,1
Nov,49,SEX CRIMES,1
Nov,102,ASSAULT 3 AND RELATED OFFENSES,2
Nov,102,HARRASSMENT 2,1
Nov,102,MISCELLANEOUS PENAL LAW,1
Nov,102,ROBBERY,2
Nov,103,ASSAULT 3 AND RELATED OFFENSES,1
Nov,107,HARRASSMENT 2,2
Nov,107,OFF. AGNST PUB ORD SENSBLTY AND,2
Nov,108,ASSAULT 3 AND RELATED OFFENSES,7
Nov,108,FELONY ASSAULT,1
Nov,108,HARRASSMENT 2,2
Nov,108,OFFENSES AGAINST THE PERSON,2
Nov,108,ROBBERY,1
Nov,108,SEX CRIMES,2
Nov,109,FELONY ASSAULT,1
Nov,109,HARRASSMENT 2,1
Nov,109,SEX CRIMES,1
Nov,110,ASSAULT 3 AND RELATED OFFENSES,3
Nov,110,HARRASSMENT 2,1
Nov,110,OFF. AGNST PUB ORD SENSBLTY AND,1
Nov,110,OFFENSES AGAINST THE PERSON,3
Nov,110,ROBBERY,1
Nov,110,SEX CRIMES,2
Nov,112,ASSAULT 3 AND RELATED OFFENSES,4
Nov,112,FELONY ASSAULT,2
Nov,112,HARRASSMENT 2,2
Nov,112,OFF. AGNST PUB ORD SENSBLTY AND,1
Nov,112,SEX CRIMES,1
Nov,114,ASSAULT 3 AND RELATED OFFENSES,3
Nov,114,FELONY ASSAULT,1
Nov,114,HARRASSMENT 2,2
Nov,114,ROBBERY,2
Nov,115,ASSAULT 3 AND RELATED OFFENSES,3
Nov,115,FELONY ASSAULT,2
Nov,115,OFF. AGNST PUB ORD SENSBLTY AND,1
Nov,115,OFFENSES AGAINST THE PERSON,2
Nov,115,ROBBERY,1
Nov,115,SEX CRIMES,1
Nov,100,HARRASSMENT 2,1
Nov,101,ASSAULT 3 AND RELATED OFFENSES,1
Nov,101,OFFENSES AGAINST THE PERSON,1
Nov,66,HARRASSMENT 2,1
Nov,78,ASSAULT 3 AND RELATED OFFENSES,1
Nov,79,HARRASSMENT 2,1
Nov,84,ASSAULT 3 AND RELATED OFFENSES,7
Nov,84,HARRASSMENT 2,5
Nov,88,DANGEROUS WEAPONS,1
Nov,88,ROBBERY,1
Nov,67,HARRASSMENT 2,1
Nov,70,ASSAULT 3 AND RELATED OFFENSES,2
Nov,70,HARRASSMENT 2,1
Nov,71,ASSAULT 3 AND RELATED OFFENSES,1
Nov,71,OFF. AGNST PUB ORD SENSBLTY AND,1
Nov,72,ASSAULT 3 AND RELATED OFFENSES,1
Nov,73,ASSAULT 3 AND RELATED OFFENSES,1
Nov,77,ASSAULT 3 AND RELATED OFFENSES,2
Nov,77,FELONY ASSAULT,1
Nov,77,HARRASSMENT 2,1
Nov,77,ROBBERY,1
Nov,78,ASSAULT 3 AND RELATED OFFENSES,3
Nov,78,FELONY ASSAULT,1
Nov,78,HARRASSMENT 2,3
Nov,78,ROBBERY,2
Nov,84,ASSAULT 3 AND RELATED OFFENSES,2
Nov,84,DISORDERLY CONDUCT,1
Nov,84,HARRASSMENT 2,1
Nov,88,ASSAULT 3 AND RELATED OFFENSES,2
Nov,88,OFF. AGNST PUB ORD SENSBLTY AND,1
Nov,88,SEX CRIMES,1
Nov,69,FELONY ASSAULT,1
Nov,73,ASSAULT 3 AND RELATED OFFENSES,3
Nov,73,FELONY ASSAULT,1
Nov,73,HARRASSMENT 2,4
Nov,75,ASSAULT 3 AND RELATED OFFENSES,2
Nov,75,HARRASSMENT 2,1
Nov,75,OFF. AGNST PUB ORD SENSBLTY AND,1
Nov,75,OFFENSES AGAINST THE PERSON,1
Nov,75,ROBBERY,1
Nov,79,ASSAULT 3 AND RELATED OFFENSES,1
Nov,79,OFF. AGNST PUB ORD SENSBLTY AND,1
Nov,81,HARRASSMENT 2,1
Nov,83,ASSAULT 3 AND RELATED OFFENSES,1
Nov,83,HARRASSMENT 2,1
Nov,83,ROBBERY,1
Nov,90,ASSAULT 3 AND RELATED OFFENSES,1
Nov,94,HARRASSMENT 2,1
Nov,94,SEX CRIMES,1
Nov,104,ASSAULT 3 AND RELATED OFFENSES,2
Nov,104,HARRASSMENT 2,2
Nov,60,ASSAULT 3 AND RELATED OFFENSES,1
Nov,60,FELONY ASSAULT,1
Nov,60,ROBBERY,1
Nov,61,ASSAULT 3 AND RELATED OFFENSES,3
Nov,61,HARRASSMENT 2,1
Nov,62,FELONY ASSAULT,2
Nov,62,HARRASSMENT 2,2
Nov,66,ASSAULT 3 AND RELATED OFFENSES,1
Nov,66,ROBBERY,1
Nov,68,ASSAULT 3 AND RELATED OFFENSES,1
Nov,70,HARRASSMENT 2,1
Nov,70,ROBBERY,1
Nov,72,HARRASSMENT 2,2
Nov,72,ROBBERY,1
Dec,14,ASSAULT 3 AND RELATED OFFENSES,9
Dec,14,FELONY ASSAULT,1
Dec,14,HARRASSMENT 2,10
Dec,14,OFF. AGNST PUB ORD SENSBLTY AND,2
Dec,14,OFFENSES AGAINST THE PERSON,1
Dec,14,SEX CRIMES,1
Dec,18,ASSAULT 3 AND RELATED OFFENSES,5
Dec,18,DANGEROUS WEAPONS,1
Dec,18,FELONY ASSAULT,3
Dec,18,HARRASSMENT 2,2
Dec,18,OFFENSES AGAINST THE PERSON,1
Dec,18,ROBBERY,2
Dec,18,SEX CRIMES,2
Dec,19,HARRASSMENT 2,1
Dec,20,ASSAULT 3 AND RELATED OFFENSES,1
Dec,20,HARRASSMENT 2,2
Dec,1,ASSAULT 3 AND RELATED OFFENSES,10
Dec,1,FELONY ASSAULT,1
Dec,1,HARRASSMENT 2,8
Dec,1,OFF. AGNST PUB ORD SENSBLTY AND,1
Dec,1,ROBBERY,3
Dec,5,ASSAULT 3 AND RELATED OFFENSES,1
Dec,5,HARRASSMENT 2,1
Dec,5,OFF. AGNST PUB ORD SENSBLTY AND,1
Dec,5,SEX CRIMES,1
Dec,6,ASSAULT 3 AND RELATED OFFENSES,5
Dec,6,FELONY ASSAULT,1
Dec,6,SEX CRIMES,1
Dec,10,ASSAULT 3 AND RELATED OFFENSES,2
Dec,10,HARRASSMENT 2,2
Dec,13,ASSAULT 3 AND RELATED OFFENSES,1
Dec,13,FELONY ASSAULT,1
Dec,13,HARRASSMENT 2,1
Dec,13,ROBBERY,1
Dec,14,ASSAULT 3 AND RELATED OFFENSES,2
Dec,14,FELONY ASSAULT,3
Dec,14,HARRASSMENT 2,2
Dec,14,MISCELLANEOUS PENAL LAW,1
Dec,14,OFF. AGNST PUB ORD SENSBLTY AND,1
Dec,14,OFFENSES AGAINST THE PERSON,1
Dec,14,SEX CRIMES,1
Dec,24,ASSAULT 3 AND RELATED OFFENSES,2
Dec,24,HARRASSMENT 2,1
Dec,24,ROBBERY,1
Dec,24,SEX CRIMES,1
Dec,26,HARRASSMENT 2,2
Dec,28,ASSAULT 3 AND RELATED OFFENSES,4
Dec,28,HARRASSMENT 2,2
Dec,28,SEX CRIMES,1
Dec,30,ASSAULT 3 AND RELATED OFFENSES,1
Dec,30,HARRASSMENT 2,4
Dec,30,ROBBERY,1
Dec,32,FELONY ASSAULT,1
Dec,32,HARRASSMENT 2,1
Dec,32,MISCELLANEOUS PENAL LAW,1
Dec,32,OFF. AGNST PUB ORD SENSBLTY AND,1
Dec,33,ASSAULT 3 AND RELATED OFFENSES,3
Dec,33,FELONY ASSAULT,2
Dec,33,HARRASSMENT 2,2
Dec,34,ASSAULT 3 AND RELATED OFFENSES,1
Dec,34,FELONY ASSAULT,2
Dec,34,OFF. AGNST PUB ORD SENSBLTY AND,2
Dec,5,ASSAULT 3 AND RELATED OFFENSES,3
Dec,5,HARRASSMENT 2,1
Dec,5,ROBBERY,1
Dec,7,HARRASSMENT 2,2
Dec,9,ASSAULT 3 AND RELATED OFFENSES,2
Dec,9,HARRASSMENT 2,1
Dec,9,ROBBERY,1
Dec,9,SEX CRIMES,1
Dec,13,ASSAULT 3 AND RELATED OFFENSES,5
Dec,13,HARRASSMENT 2,5
Dec,14,ASSAULT 3 AND RELATED OFFENSES,2
Dec,14,FELONY ASSAULT,2
Dec,14,HARRASSMENT 2,4
Dec,14,SEX CRIMES,1
Dec,17,FELONY ASSAULT,1
Dec,17,HARRASSMENT 2,1
Dec,17,ROBBERY,1
Dec,19,ASSAULT 3 AND RELATED OFFENSES,2
Dec,19,FELONY ASSAULT,1
Dec,19,HARRASSMENT 2,1
Dec,19,SEX CRIMES,1
Dec,23,ASSAULT 3 AND RELATED OFFENSES,1
Dec,23,HARRASSMENT 2,1
Dec,25,ASSAULT 3 AND RELATED OFFENSES,2
Dec,25,HARRASSMENT 2,4
Dec,25,SEX CRIMES,1
Dec,40,FELONY ASSAULT,2
Dec,40,HARRASSMENT 2,1
Dec,40,SEX CRIMES,1
Dec,44,ASSAULT 3 AND RELATED OFFENSES,7
Dec,44,DANGEROUS WEAPONS,1
Dec,44,FELONY ASSAULT,1
Dec,44,HARRASSMENT 2,1
Dec,44,SEX CRIMES,1
Dec,46,ASSAULT 3 AND RELATED OFFENSES,3
Dec,46,FELONY ASSAULT,4
Dec,46,HARRASSMENT 2,1
Dec,46,MISCELLANEOUS PENAL LAW,1
Dec,46,OFF. AGNST PUB ORD SENSBLTY AND,1
Dec,52,OFF. AGNST PUB ORD SENSBLTY AND,1
Dec,52,ROBBERY,1
Dec,40,ASSAULT 3 AND RELATED OFFENSES,3
Dec,40,HARRASSMENT 2,1
Dec,41,ASSAULT 3 AND RELATED OFFENSES,3
Dec,41,FELONY ASSAULT,1
Dec,41,OFFENSES AGAINST THE PERSON,1
Dec,41,ROBBERY,1
Dec,42,DISORDERLY CONDUCT,1
Dec,42,ROBBERY,1
Dec,47,ASSAULT 3 AND RELATED OFFENSES,2
Dec,47,ROBBERY,1
Dec,48,HARRASSMENT 2,1
Dec,48,MISCELLANEOUS PENAL LAW,1
Dec,49,FELONY ASSAULT,1
Dec,49,ROBBERY,1
Dec,102,ASSAULT 3 AND RELATED OFFENSES,1
Dec,102,FELONY ASSAULT,1
Dec,103,ASSAULT 3 AND RELATED OFFENSES,1
Dec,103,HARRASSMENT 2,2
Dec,107,ASSAULT 3 AND RELATED OFFENSES,1
Dec,107,FELONY ASSAULT,2
Dec,107,HARRASSMENT 2,1
Dec,108,ASSAULT 3 AND RELATED OFFENSES,3
Dec,108,FELONY ASSAULT,1
Dec,108,HARRASSMENT 2,2
Dec,108,OFF. AGNST PUB ORD SENSBLTY AND,1
Dec,108,OFFENSES AGAINST THE PERSON,2
Dec,108,ROBBERY,2
Dec,109,HARRASSMENT 2,1
Dec,110,ASSAULT 3 AND RELATED OFFENSES,3
Dec,110,FELONY ASSAULT,1
Dec,110,HARRASSMENT 2,2
Dec,110,MISCELLANEOUS PENAL LAW,1
Dec,110,OFFENSES AGAINST THE PERSON,2
Dec,110,ROBBERY,2
Dec,110,SEX CRIMES,1
Dec,112,ASSAULT 3 AND RELATED OFFENSES,4
Dec,112,FELONY ASSAULT,2
Dec,112,ROBBERY,2
Dec,112,SEX CRIMES,1
Dec,114,BURGLARY,1
Dec,114,HARRASSMENT 2,2
Dec,114,ROBBERY,2
Dec,115,ASSAULT 3 AND RELATED OFFENSES,1
Dec,115,HARRASSMENT 2,1
Dec,115,MISCELLANEOUS PENAL LAW,2
Dec,115,ROBBERY,1
Dec,115,SEX CRIMES,3
Dec,100,ASSAULT 3 AND RELATED OFFENSES,1
Dec,100,HARRASSMENT 2,2
Dec,101,ASSAULT 3 AND RELATED OFFENSES,2
Dec,101,FELONY ASSAULT,1
Dec,106,ASSAULT 3 AND RELATED OFFENSES,3
Dec,76,FELONY ASSAULT,1
Dec,76,MISCELLANEOUS PENAL LAW,1
Dec,79,HARRASSMENT 2,1
Dec,84,ASSAULT 3 AND RELATED OFFENSES,9
Dec,84,FELONY ASSAULT,2
Dec,84,HARRASSMENT 2,3
Dec,84,OFF. AGNST PUB ORD SENSBLTY AND,1
Dec,84,SEX CRIMES,2
Dec,88,ASSAULT 3 AND RELATED OFFENSES,1
Dec,90,ASSAULT 3 AND RELATED OFFENSES,1
Dec,67,ROBBERY,1
Dec,71,HARRASSMENT 2,1
Dec,71,ROBBERY,1
Dec,73,ROBBERY,3
Dec,77,ASSAULT 3 AND RELATED OFFENSES,1
Dec,77,DISORDERLY CONDUCT,2
Dec,77,FELONY ASSAULT,2
Dec,77,HARRASSMENT 2,1
Dec,78,ASSAULT 3 AND RELATED OFFENSES,3
Dec,78,FELONY ASSAULT,2
Dec,78,HARRASSMENT 2,1
Dec,78,ROBBERY,1
Dec,84,FELONY ASSAULT,1
Dec,84,HARRASSMENT 2,1
Dec,84,MISCELLANEOUS PENAL LAW,1
Dec,84,OFF. AGNST PUB ORD SENSBLTY AND,1
Dec,73,ASSAULT 3 AND RELATED OFFENSES,1
Dec,73,DANGEROUS WEAPONS,1
Dec,73,FELONY ASSAULT,1
Dec,75,ASSAULT 3 AND RELATED OFFENSES,1
Dec,75,DANGEROUS WEAPONS,1
Dec,75,HARRASSMENT 2,1
Dec,75,OFF. AGNST PUB ORD SENSBLTY AND,1
Dec,75,RAPE,1
Dec,75,ROBBERY,3
Dec,79,HARRASSMENT 2,1
Dec,81,DANGEROUS WEAPONS,1
Dec,81,FELONY ASSAULT,3
Dec,81,OFF. AGNST PUB ORD SENSBLTY AND,1
Dec,81,ROBBERY,1
Dec,83,ASSAULT 3 AND RELATED OFFENSES,3
Dec,83,HARRASSMENT 2,2
Dec,83,ROBBERY,1
Dec,90,ASSAULT 3 AND RELATED OFFENSES,2
Dec,90,HARRASSMENT 2,4
Dec,90,ROBBERY,2
Dec,104,ASSAULT 3 AND RELATED OFFENSES,1
Dec,104,FELONY ASSAULT,1
Dec,104,ROBBERY,1
Dec,60,ASSAULT 3 AND RELATED OFFENSES,4
Dec,60,HARRASSMENT 2,1
Dec,60,MURDER AND NON-NEGL. MANSLAUGHTE,1
Dec,61,ASSAULT 3 AND RELATED OFFENSES,1
Dec,61,DANGEROUS WEAPONS,2
Dec,61,FELONY ASSAULT,3
Dec,61,HARRASSMENT 2,1
Dec,61,ROBBERY,2
Dec,62,ASSAULT 3 AND RELATED OFFENSES,1
Dec,62,HARRASSMENT 2,1
Dec,62,MISCELLANEOUS PENAL LAW,1
Dec,68,ASSAULT 3 AND RELATED OFFENSES,2
Dec,68,HARRASSMENT 2,1
Dec,70,ASSAULT 3 AND RELATED OFFENSES,1
Dec,70,HARRASSMENT 2,2
Dec,72,HARRASSMENT 2,3